dataset,relpath,sha256,bytes,width,height,declared_dpi,mode,subject,finger,impression,quality
fvc2004,db1_b/101_1.tif,a12f05b664d7eec6e6cdc3b23ff97a892b225c7c91105d50010879e92803a409,307712,640,480,500,L,,,,
fvc2004,db1_b/101_2.tif,f2aa34527da1d93f162972e9eede48655c34f0a516ac7a63bdef1929f70f8c3c,307712,640,480,500,L,,,,
fvc2004,db1_b/101_3.tif,20a544e5dfe5c359e56596e680e9cc0dbbd1e3adad26cd7c3960047451273476,307712,640,480,500,L,,,,
fvc2004,db1_b/101_4.tif,6f7b11dc0dabc0d59f8b4e23167bdd6074534cd325f9d0b1835ffe4296706890,307712,640,480,500,L,,,,
fvc2004,db1_b/101_5.tif,03d6b61260ae65d9a4674003f5c1357931e213267eba31f534d5c695d85fdb5d,307712,640,480,500,L,,,,
fvc2004,db1_b/101_6.tif,94c38b65b54fed046dda571e5728d734e7b048103e2c02322d76bdff249062c9,307712,640,480,500,L,,,,
fvc2004,db1_b/101_7.tif,c24e7874c6f2f640f3de4e9c91d00f06ac71b71bf0b1d4295a25766f76b32ff8,307712,640,480,500,L,,,,
fvc2004,db1_b/101_8.tif,8bae5a8d57bbf032d4612a193189efc7478f5dcfcb88a0c1a3142d96ba59915f,307712,640,480,500,L,,,,
fvc2004,db1_b/102_1.tif,ee7d1403f80af81886dd953d90003eb6100ad6965ce6a9e797e2a93143fa7368,307712,640,480,500,L,,,,
fvc2004,db1_b/102_2.tif,ca87496a223073be499af5741023513e23435126412f4fc2d8d4842ba08b520a,307712,640,480,500,L,,,,
fvc2004,db1_b/102_3.tif,7512c447035d06d321013bb2c75c6a9a5a45479d19995abd9866da22b074560d,307712,640,480,500,L,,,,
fvc2004,db1_b/102_4.tif,e2a259cb4c8db8b4bd220a7bb43aec39a14b20f0fb38526afc485534a5a39ef4,307712,640,480,500,L,,,,
fvc2004,db1_b/102_5.tif,ee9ffa7724995d12531572dd931e5ce3e860952e6c45cf441575f1a751c903ac,307712,640,480,500,L,,,,
fvc2004,db1_b/102_6.tif,82cd8b3b3e16881427ab77d7c2c6afbe10edf9aeef37b5d3fec26684c9e5393c,307712,640,480,500,L,,,,
fvc2004,db1_b/102_7.tif,a2d289b35df8c12805c513f78e776ff17cd994a82cb409c5af0b59087f95a0f3,307712,640,480,500,L,,,,
fvc2004,db1_b/102_8.tif,3e792b0bc6608f0ea68d38877828f4a3dc78148b14dfc82e20d80eaae4bed0cd,307712,640,480,500,L,,,,
fvc2004,db1_b/103_1.tif,2d81032127990e5f0f339ac0cacc0519216e491d7ad787928c3b1c206ecbf918,307712,640,480,500,L,,,,
fvc2004,db1_b/103_2.tif,39a9554393ea27be26b9713ca72cbb3f47d90a4d6f568550820182be51e06c67,307712,640,480,500,L,,,,
fvc2004,db1_b/103_3.tif,f2b008051573fe9d9c85776c680e9ebd702ea60dd246982336ecd1eef30c2df4,307712,640,480,500,L,,,,
fvc2004,db1_b/103_4.tif,a181187e5c7e55e0eab15d4e977afca202e5cabe6faf795992d6f10edf54f50f,307712,640,480,500,L,,,,
fvc2004,db1_b/103_5.tif,d313f8fbf242c4f1740a698a0d507d8e311186ce803f5e02060a697b49be0c3f,307712,640,480,500,L,,,,
fvc2004,db1_b/103_6.tif,ed36035df936d5b913933f29e8c86a58bc5f9fe61c228017646a8f604182aa59,307712,640,480,500,L,,,,
fvc2004,db1_b/103_7.tif,478366e74b0ae85d71de07ccf4a98237b13d577ffefad7d7685e5b8e947cddf8,307712,640,480,500,L,,,,
fvc2004,db1_b/103_8.tif,c4f34833c5b5a3a5d6489101874cf0acf617e4bcae1f807c752c98d0c9e75ecd,307712,640,480,500,L,,,,
fvc2004,db1_b/104_1.tif,1157eab3937d2ee66de0c7b5f54ca729c0d5d1013bb13fd646e91ee9efbe973a,307712,640,480,500,L,,,,
fvc2004,db1_b/104_2.tif,253cf7c928a224c1acea763c5d2bf7d9b9995e8c22c23fe8f831fce2831b7e49,307712,640,480,500,L,,,,
fvc2004,db1_b/104_3.tif,725a7075ad82d2b573d355678a17a0bb3d734278299b6d3e601b2029a342b92b,307712,640,480,500,L,,,,
fvc2004,db1_b/104_4.tif,b0ad8853ea8355f8f4a606b73bd5ce244b186f9b3460f04910c67944f276badc,307712,640,480,500,L,,,,
fvc2004,db1_b/104_5.tif,2fe96d8465125fadacaa0b346684639c23f967f2f92d782f8a38649d40848b20,307712,640,480,500,L,,,,
fvc2004,db1_b/104_6.tif,06456adfae1767a0a7868a5d9be375434120ec5c9f73573f628dfb58ef0e82b1,307712,640,480,500,L,,,,
fvc2004,db1_b/104_7.tif,9ff4aa204559211c0fad8e175f7258f6bf7f193eb15ee96159619664429f8aad,307712,640,480,500,L,,,,
fvc2004,db1_b/104_8.tif,7fd2d4e8f0f4c9088a79e7cc0740caa31c05bb0b85908524369b766ed8d0d4ac,307712,640,480,500,L,,,,
fvc2004,db1_b/105_1.tif,e7da9fe3b8d1a4fa8927a4535523668a39d966f73bc3a6da95de56ef34f569f0,307712,640,480,500,L,,,,
fvc2004,db1_b/105_2.tif,99f2b8b46d6b643050a27a73228b061a3812d5e9046004472c2acf7b605cf2c5,307712,640,480,500,L,,,,
fvc2004,db1_b/105_3.tif,fb2a47c8e1cdced36207f07662697265a495b78381c4881b4874e12b5decca52,307712,640,480,500,L,,,,
fvc2004,db1_b/105_4.tif,afec1bc108421c8135a7ef88605a43d616bc05dcbaeefcd757eeed656a48c698,307712,640,480,500,L,,,,
fvc2004,db1_b/105_5.tif,f51f93659e535a5e79b71f6aaa101356b2c4e7c4961686fdac48354bc387c794,307712,640,480,500,L,,,,
fvc2004,db1_b/105_6.tif,6e0eb761fde828297958a8345e3ff1bd102f57ec5143492e390f1f9b9b42b808,307712,640,480,500,L,,,,
fvc2004,db1_b/105_7.tif,5f712d6977c423b1999de8da3e2ec233bba822297028c44e991b96dc394f1b8f,307712,640,480,500,L,,,,
fvc2004,db1_b/105_8.tif,09044fa742c7107b04fa6866bd34cda248afba5bfbd3c3a458782269db735304,307712,640,480,500,L,,,,
fvc2004,db1_b/106_1.tif,f1e1bcd34ffff981cfd1d1673a874d96abe86a5550531c987b30df225848e246,307712,640,480,500,L,,,,
fvc2004,db1_b/106_2.tif,ac256ce5bf419909ea2870b062b5064cc6c5eea74c5228bff0c6e92abcb6067f,307712,640,480,500,L,,,,
fvc2004,db1_b/106_3.tif,b0a2ff10e41776db96dbd8a9a68529511c517b2a9e1e153fdaa684caaeff8055,307712,640,480,500,L,,,,
fvc2004,db1_b/106_4.tif,d65d2db15c34d2a590476e010710877ac64633a2f6f9f2d32809310b8671bb8a,307712,640,480,500,L,,,,
fvc2004,db1_b/106_5.tif,fb6df49cacf42973e7cdc9d17c151ff40090721020e8e1a80d8cc06beb1abd11,307712,640,480,500,L,,,,
fvc2004,db1_b/106_6.tif,a73e31d6575ea6b57492e2337617a63d881d420320c8614dae40ff258b1a088a,307712,640,480,500,L,,,,
fvc2004,db1_b/106_7.tif,28d95048b407b2aa1e36d60cf679ecee209cc2ed459922fcff45e860599b6c1d,307712,640,480,500,L,,,,
fvc2004,db1_b/106_8.tif,49afe2009d6f10f8dfe338e7a63643c1233ec7725121863ca1443a32cbba24a5,307712,640,480,500,L,,,,
fvc2004,db1_b/107_1.tif,4a9f7d6c4edb7cbe4d78c4431acb127cfb70e133bb8f3166832173e3ba435a3b,307712,640,480,500,L,,,,
fvc2004,db1_b/107_2.tif,a8d47b2d82d49ff824e36b69dc2cc927b4821bfe7ce2df4319bb62e1d9bc1b9c,307712,640,480,500,L,,,,
fvc2004,db1_b/107_3.tif,a78a38835ed5657387ea2e64b55c8f993f5351d23dc74d1223cc7232b18c07db,307712,640,480,500,L,,,,
fvc2004,db1_b/107_4.tif,64768863acd00eeaf66b6cc635b6e7051ab0ed343788cac8576308f6cc70c257,307712,640,480,500,L,,,,
fvc2004,db1_b/107_5.tif,42046b3e8fd7d647fb5af79d136f3aab1b6ba21a9916650484566d35722a98ef,307712,640,480,500,L,,,,
fvc2004,db1_b/107_6.tif,480fe9827ea0379b600377844f8e53ba8391bd74a0d9a242a47df481b96679eb,307712,640,480,500,L,,,,
fvc2004,db1_b/107_7.tif,26a32aef39d7fda1bbadfc42cbcb76656ce0101aff46a27ca72e9d2ee5bbb900,307712,640,480,500,L,,,,
fvc2004,db1_b/107_8.tif,b46e83be79307ab02ac91bb191d33825fa08fcbdc05275314c12e717f14761c9,307712,640,480,500,L,,,,
fvc2004,db1_b/108_1.tif,2554fe925ca496232eec7e6e064b746f48076fce2f6d5d4f5dbbdfe5c25b6832,307712,640,480,500,L,,,,
fvc2004,db1_b/108_2.tif,ee6d8640650322a5db93426c91311f832df5db20ae4eef498507b5332c81bd8f,307712,640,480,500,L,,,,
fvc2004,db1_b/108_3.tif,d452f175cfd03dfc5babebfbc98b5998318d4de97ca802817f69df7aa3763338,307712,640,480,500,L,,,,
fvc2004,db1_b/108_4.tif,f091f3059dc4d10aee59127c6ee40c1f1eae1e2b0548a6f775daf5d7265ef5ee,307712,640,480,500,L,,,,
fvc2004,db1_b/108_5.tif,e553260121ca5759f2e8460152f1c59ea5bfcfea7f7a890f06da1d88a623f2e1,307712,640,480,500,L,,,,
fvc2004,db1_b/108_6.tif,a02ccd558599f15ec46fa97ddccfaab409dcabb242a595c02748cc207afadb06,307712,640,480,500,L,,,,
fvc2004,db1_b/108_7.tif,f2066f446ebdf36929e75e53c20f96b6e51854302cd4dd22178e43d41f28f3f0,307712,640,480,500,L,,,,
fvc2004,db1_b/108_8.tif,d02382c5b3ff61ea258e7f8337d88e5aab4004ab1744c3af06d39017af1b4dc0,307712,640,480,500,L,,,,
fvc2004,db1_b/109_1.tif,5d9e8070411bdac06b23dc276f862588b5c537d631797140967097bc0d0a7941,307712,640,480,500,L,,,,
fvc2004,db1_b/109_2.tif,c8bd7413afb3c4e2eb2d606bc9216388451ae36909d56a7a4b38f8bf04e9a261,307712,640,480,500,L,,,,
fvc2004,db1_b/109_3.tif,03de05b9392582ce5e77333bacedb22403c2ae6e209fb844803cba05fd43c52b,307712,640,480,500,L,,,,
fvc2004,db1_b/109_4.tif,02e1373562799efa17853242917a0f8dfa9659b8c798abbf12693f86a5245300,307712,640,480,500,L,,,,
fvc2004,db1_b/109_5.tif,3730477d58d3ce1f64cc086d6cff92c49fc3c7eff6f80a7b293c2b7fcd882c0a,307712,640,480,500,L,,,,
fvc2004,db1_b/109_6.tif,866f80383663eb6e5d025a8a7e7e5088a6e18e20809d75c998dbb865d9609a7e,307712,640,480,500,L,,,,
fvc2004,db1_b/109_7.tif,d28a9820c77b7f4b8e38f0e4371409890d46e3932a3e9f1fe36fea889f8d4ee7,307712,640,480,500,L,,,,
fvc2004,db1_b/109_8.tif,db70c026166c46d008d446da5fc95ce2f617bc8ed9cef4ed9f08b4032b563d70,307712,640,480,500,L,,,,
fvc2004,db1_b/110_1.tif,f8f1644a2da8ec3d46801a9d75ee773b409db46ef3c330b905b17c048ca2843d,307712,640,480,500,L,,,,
fvc2004,db1_b/110_2.tif,67f8a52bb26ab971304bd01d0a63b653b08cbe82d9f7212c43c3869b7671299b,307712,640,480,500,L,,,,
fvc2004,db1_b/110_3.tif,db64d3d1c82107c9ba63ae7105e8e3ea654b6fd6766026a310bcdd4d79cc6bc1,307712,640,480,500,L,,,,
fvc2004,db1_b/110_4.tif,597e024306b776687d2749b4be9bb8b8f3b1f6e241bf60c5fceeb7cc3c95162d,307712,640,480,500,L,,,,
fvc2004,db1_b/110_5.tif,11796384dd5b099553043454f74348a414d36344a38cae50eebb7979a156187b,307712,640,480,500,L,,,,
fvc2004,db1_b/110_6.tif,b5c03138bc366b44f10c985a61ba4107fd3aed608975a4892271c21847ecdfce,307712,640,480,500,L,,,,
fvc2004,db1_b/110_7.tif,fa052d8d8f8fde37e779ff33fd9fdefcadba0a8209def46a05c309919bfc85d6,307712,640,480,500,L,,,,
fvc2004,db1_b/110_8.tif,a985b1a563590f86f455fb3c2b5b6da2aec3d136bc90e70780d3749a4b3cec3a,307712,640,480,500,L,,,,
fvc2004,db2_b/101_1.tif,be4b878670d5e57f131f7e26893250d8a04efac8277fa3cb40a81cd5b56ca4b9,119904,328,364,512,L,,,,
fvc2004,db2_b/101_2.tif,6c223c92bf0ee9a5cd357be085156f01107b625c64a0a6c7688abf49497dff92,119904,328,364,512,L,,,,
fvc2004,db2_b/101_3.tif,3756b046dcad62234d1f6ae16516d721563b3c3115b28fe35b8f9d9b46befa0e,119904,328,364,512,L,,,,
fvc2004,db2_b/101_4.tif,3ec952e98799173bb0132480ca4e2c6d7426fdb708ac3234a56109910697a5fa,119904,328,364,512,L,,,,
fvc2004,db2_b/101_5.tif,649cc0b742b9b4c376e13c31f8b1a6629f68db01e278b4182a3981f012016aa2,119904,328,364,512,L,,,,
fvc2004,db2_b/101_6.tif,b7a30a75a5bc663e2ce2fe8f117595d296648f4175a68ccbd0ab5ab5b029dff5,119904,328,364,512,L,,,,
fvc2004,db2_b/101_7.tif,0ff7f438e661ef212f9bcdea1ec42a340c838bd0db434808db3b103ec2c0148b,119904,328,364,512,L,,,,
fvc2004,db2_b/101_8.tif,c010f50d9de237bab4e02c4bc9dc0db473472f40c8021592e70521ab20c09096,119904,328,364,512,L,,,,
fvc2004,db2_b/102_1.tif,76f5d578c06be6f5d0de89a9df332f50e5f210f370840ae75e5830444fc49b2a,119904,328,364,512,L,,,,
fvc2004,db2_b/102_2.tif,13b5e51660cd0fb13d684317dcb4f14badd33b53613ac4ada659434ca75a9df0,119904,328,364,512,L,,,,
fvc2004,db2_b/102_3.tif,2a053e059c6f88d5a480f699e91718d4905bfda58700891c9e04e2877bc58780,119904,328,364,512,L,,,,
fvc2004,db2_b/102_4.tif,5f2503da14b5539521f59702b736441e5b064188cfc1a2e401a8d23e97fad53c,119904,328,364,512,L,,,,
fvc2004,db2_b/102_5.tif,4a5427421267a30931018aec9b57a0a7d1c6300a23aa856326372e9f6cd110bb,119904,328,364,512,L,,,,
fvc2004,db2_b/102_6.tif,ba2e06ba7918c4e13b031c08a694ccb93d91dc0268f7132105e5f27c5e884a76,119904,328,364,512,L,,,,
fvc2004,db2_b/102_7.tif,a8201c87c4d1578d1f9a5467d0dd5e6833d3b2ece39cda6b443ad4ae85123648,119904,328,364,512,L,,,,
fvc2004,db2_b/102_8.tif,80b66e0e76f65cbbc009ad0f7d097652de709cbcf1e9b63c41994a440eb83aa1,119904,328,364,512,L,,,,
fvc2004,db2_b/103_1.tif,151ad995fa5b8d810cae1d59a00c49ccda54724fc02710eabc7f496f769e4811,119904,328,364,512,L,,,,
fvc2004,db2_b/103_2.tif,067c3ac274518f868c1c2ba99a0e864788c4726dc46c1048912103a7cad4a991,119904,328,364,512,L,,,,
fvc2004,db2_b/103_3.tif,c3ab28a6bd1bae48d9bea6a9a77f7a6044101070f4f34dc5c39ff95be0ba3409,119904,328,364,512,L,,,,
fvc2004,db2_b/103_4.tif,0aaadc58e5edfb62ae28ac773d3c7dbad75a9c098d6bac8b3a6051721b9539d4,119904,328,364,512,L,,,,
fvc2004,db2_b/103_5.tif,a0c90ecb2acc6a42470d77814edb4bdbc1bc27a9f7eeb5f395f8d185e536bfe4,119904,328,364,512,L,,,,
fvc2004,db2_b/103_6.tif,c3ca0265419986bdcaefd4498496abe1f9fa6f6b658a3cdd45f19bbc1d37b163,119904,328,364,512,L,,,,
fvc2004,db2_b/103_7.tif,6e8f399f32dc0617c06d9d7899bd82ef5fe5b9716dbbd3443747bef494a111f0,119904,328,364,512,L,,,,
fvc2004,db2_b/103_8.tif,c001349f4ed299de4ecdacde4fc08107169351655e941c89242c7e24fa6b5f8b,119904,328,364,512,L,,,,
fvc2004,db2_b/104_1.tif,6b4c01686ef7bd8cf3b0c1719b2d2dd33dc87cc9720ecfae051231be16a66bd8,119904,328,364,512,L,,,,
fvc2004,db2_b/104_2.tif,6989d6cb3f6c13b7527023843de38a598159e32aee9bcf50538b22060810d633,119904,328,364,512,L,,,,
fvc2004,db2_b/104_3.tif,4c24edd80e58c0f546d8cea255ffd89ba8b0a9f53e555823cff827a9d8091fc4,119904,328,364,512,L,,,,
fvc2004,db2_b/104_4.tif,f2cb0743f31e191d2a506f080fef2231d8b2939d6c7f1eb8eae72901889301ff,119904,328,364,512,L,,,,
fvc2004,db2_b/104_5.tif,57a5dbbaef3b219a6291359a63d8be9ac0b6100dc072c2841a0184388617939b,119904,328,364,512,L,,,,
fvc2004,db2_b/104_6.tif,702949fd59f7c1aad82734c4134bd2fcab4c070083ef456540f86f4195f86215,119904,328,364,512,L,,,,
fvc2004,db2_b/104_7.tif,650534dc7c4b2c03eaf26b1e76c7306bede4f444acd8a0a1327bb1a27cf99e59,119904,328,364,512,L,,,,
fvc2004,db2_b/104_8.tif,55cd0bd3e65fbceb593ae1e8f0043226ff6964127eb9065879a1843db395695d,119904,328,364,512,L,,,,
fvc2004,db2_b/105_1.tif,7f81e027a0d1633521214fcbca6abbb4db82f419ff40d90d53cc185478a965e5,119904,328,364,512,L,,,,
fvc2004,db2_b/105_2.tif,ff3d82aff19d0cfaf8d646301e1f4a7c8c6cea929c70ae45874ed1321e8657be,119904,328,364,512,L,,,,
fvc2004,db2_b/105_3.tif,3061b8a18c5c55a7f6a6c0c816c4ef3dfbc7cbf7161c1781d052edf2b0da3078,119904,328,364,512,L,,,,
fvc2004,db2_b/105_4.tif,0f8fe451aa43f5d2c101fc6cee29e4225807ceb6c957dd3ffe7472fd8882eb04,119904,328,364,512,L,,,,
fvc2004,db2_b/105_5.tif,a37cd19b8c87d7606474269e98f48df39d4a805d50ffde0ebb1173c39a0dac6d,119904,328,364,512,L,,,,
fvc2004,db2_b/105_6.tif,8d72f96ad660d40033673cda2ed09faf1300f8cf01710613e321a7c4b7c90fee,119904,328,364,512,L,,,,
fvc2004,db2_b/105_7.tif,de48ddb48b44d666af0f20e5e2e2d696bd4b2cb243aaa82b1821f346d6d6f33c,119904,328,364,512,L,,,,
fvc2004,db2_b/105_8.tif,81e1ccf46b13ba27c1a548aff16b9f2ad1d0c81e0493ef7e193c5bd18055a663,119904,328,364,512,L,,,,
fvc2004,db2_b/106_1.tif,409150c5f0d37db71ff2d1a790c9f9282d7e359c6116c5bd837f177d34e43a5d,119904,328,364,512,L,,,,
fvc2004,db2_b/106_2.tif,da09e5e1729ecceecfe7b5b8bd25f9a22237be55719b7e5c05535b248bd709aa,119904,328,364,512,L,,,,
fvc2004,db2_b/106_3.tif,dcd6811a13f197007c38dc7740a6288a890c268c9c080dcaf8b79790db7ffabb,119904,328,364,512,L,,,,
fvc2004,db2_b/106_4.tif,f85c5b00fe927d538abb86a50d8cfc13994525d2fff6c20dbbe8462d95beaa25,119904,328,364,512,L,,,,
fvc2004,db2_b/106_5.tif,3d045757d535f59ee3efc5b8d8f50041d7360ff1758214de29140927f046c26b,119904,328,364,512,L,,,,
fvc2004,db2_b/106_6.tif,abaa5b480b2de1bbe2b524a304b63239d406c97644e9b5967689cc3c7f5cfc06,119904,328,364,512,L,,,,
fvc2004,db2_b/106_7.tif,8f5b99b2349dfed5c7885497e3860e82bed288bb30dd601d9d391748a5b390ab,119904,328,364,512,L,,,,
fvc2004,db2_b/106_8.tif,864593e28b848351350bc35933464a8393c0636e75a5b1a17fa008f7f3a43d92,119904,328,364,512,L,,,,
fvc2004,db2_b/107_1.tif,cb69f869b80884c77fc5d7d8d09d395010fadc2aed008e0ddfdc966ca9caaa77,119904,328,364,512,L,,,,
fvc2004,db2_b/107_2.tif,314094859e8c1bab4bc487c62546a43e5404c55070214068cfbeaf45aa8d90ea,119904,328,364,512,L,,,,
fvc2004,db2_b/107_3.tif,8bc76ccf9a39d1d65ad0caa310f50983422ba443ef61e5313ae5c781de95c8ec,119904,328,364,512,L,,,,
fvc2004,db2_b/107_4.tif,1130cd89fc48f861559b5634d5a4cfdef81c2151214f84ff6c7a1bf162e7a10e,119904,328,364,512,L,,,,
fvc2004,db2_b/107_5.tif,408e9e39de0496ecc7a4d69333f66891f6aebfc71721a1068122a136322178ab,119904,328,364,512,L,,,,
fvc2004,db2_b/107_6.tif,50f768147b587073d36085949fe922c8135ff0f2e8d6db58ab39e9119cce5d73,119904,328,364,512,L,,,,
fvc2004,db2_b/107_7.tif,8f8f7dbd3eb237a484db2d93c058f5ba2a17329aedf57dbb4d904c74132d21b5,119904,328,364,512,L,,,,
fvc2004,db2_b/107_8.tif,a28ca703687596c35035aaf29cb01617b58e09a391c581b31e8202371cd2214a,119904,328,364,512,L,,,,
fvc2004,db2_b/108_1.tif,8252188332012d4fad6253e1e467e09610bf2315ad8c5fb1f86db9960fea9367,119904,328,364,512,L,,,,
fvc2004,db2_b/108_2.tif,ad0b7773789e4ecd47708c080eca6a848d35810eb8a5e12ad963bc059e0c8c3c,119904,328,364,512,L,,,,
fvc2004,db2_b/108_3.tif,388868784cc00a04cf5e0541c0aae0106484551bd61cbbf6158b225dc6a51747,119904,328,364,512,L,,,,
fvc2004,db2_b/108_4.tif,e3c17b63b0fee9f3ef6cbc78a67c4a2ddaae6d533d0edbed9400f6774938f68e,119904,328,364,512,L,,,,
fvc2004,db2_b/108_5.tif,b1197cece5d8b06dc0f5eb62b75d85319e043d8911d4f612976a3f6704781c6b,119904,328,364,512,L,,,,
fvc2004,db2_b/108_6.tif,34e20b5396b67a30c5d12ce83a7700cf8d25371a2e78491272b136103105aa92,119904,328,364,512,L,,,,
fvc2004,db2_b/108_7.tif,2f42c650c491991a0d5d2ac9ff3cf68e8e13a5ff8be5c0cbc6aafd5e715f79bb,119904,328,364,512,L,,,,
fvc2004,db2_b/108_8.tif,3ec512ccca9587540109749a3043d45f370f5c8fc4253fe0044a654579012f4f,119904,328,364,512,L,,,,
fvc2004,db2_b/109_1.tif,aab6611e3398b42059adbe309e234962c11ab36bb54ac01aa29613914af34ca3,119904,328,364,512,L,,,,
fvc2004,db2_b/109_2.tif,b8c36c62af58447521c42d7aa691fa950d4bd9b8fe9547518239961106d8fe4c,119904,328,364,512,L,,,,
fvc2004,db2_b/109_3.tif,1c82cab644b027ad46474aa2054b1d49add94bf39e981f10943ed843e64f1639,119904,328,364,512,L,,,,
fvc2004,db2_b/109_4.tif,2d43149a2729e09c257a654a4717e06286f3217eb3277e9f6e6776bc4e3a4bac,119904,328,364,512,L,,,,
fvc2004,db2_b/109_5.tif,ce95f7f8e3f433b18c71a75554a1d25833fe3479a54444fa494bb6b3e83f729f,119904,328,364,512,L,,,,
fvc2004,db2_b/109_6.tif,07909b337b7868599c18ab7d94c864f7a5d07e3d60cba81513dcacdc3fdecf7e,119904,328,364,512,L,,,,
fvc2004,db2_b/109_7.tif,c5116e12c50bfb50b6cce09c970e259ae664b2b212dbb7caa760263cea885b7b,119904,328,364,512,L,,,,
fvc2004,db2_b/109_8.tif,12fc8704398b57fe1a271a41060adc44b9a05fa1c6542819a64cadf24a9a2ce7,119904,328,364,512,L,,,,
fvc2004,db2_b/110_1.tif,8dd7cb1c3273be6fc19026ae46681e3cd598def84126d64c01c46d241e574778,119904,328,364,512,L,,,,
fvc2004,db2_b/110_2.tif,1542fdc1c8378a9105513c4af63fbf3526f7da0ef0809fa91700d0d0fd5655d6,119904,328,364,512,L,,,,
fvc2004,db2_b/110_3.tif,d0749f5861d337aa547b9fa3bdf6b935a0ec251637b806815eef83458a34ffdd,119904,328,364,512,L,,,,
fvc2004,db2_b/110_4.tif,a29a0df418317d139092754e2e4831be72dc0cbf01449b4e2aa8719ff335fec1,119904,328,364,512,L,,,,
fvc2004,db2_b/110_5.tif,b5c12a54836df853a290ca689738ea8411a96523243c8c608acefd37cb38c276,119904,328,364,512,L,,,,
fvc2004,db2_b/110_6.tif,7927bfd4fd5a2119cfeb8f028c36f3bd8b688b350ba95c43a623ccf81329d0e4,119904,328,364,512,L,,,,
fvc2004,db2_b/110_7.tif,9b0ff3089f722aa77320970cb29eb31ee2b09118fd96b75acd3867492b5d0d95,119904,328,364,512,L,,,,
fvc2004,db2_b/110_8.tif,88796e509ba4221ff5c8382a456a4517b535b372a0cc6610c27730542b6d48c4,119904,328,364,512,L,,,,
fvc2004,db3_b/101_1.tif,e25f2f896e6843c478a3ebdeb72e271fc563bcd45b1e5a644090a9d454f3edc8,144512,300,480,512,L,,,,
fvc2004,db3_b/101_2.tif,2b08ba79598176693a56fc735fbfed67d25544c6f87b1fae8dabe22e5573b98e,144512,300,480,512,L,,,,
fvc2004,db3_b/101_3.tif,b552015d0297cca6321a8c8971f8c551162aba1a622da95a6c03587e7f174a50,144512,300,480,512,L,,,,
fvc2004,db3_b/101_4.tif,a4e85bda516b3ba2132b165c9d2d2c0cc076d405132ec68a2d13e77ec849a552,144512,300,480,512,L,,,,
fvc2004,db3_b/101_5.tif,92d601ea9c7fbfb29ecfdaaf5283e30f50c7257d4a3069043579f5ad8f9a33e7,144512,300,480,512,L,,,,
fvc2004,db3_b/101_6.tif,77c67622d5c7f00ae5e7442c29fcbd842cad7c5a8e12d85d3be2c913cd224905,144512,300,480,512,L,,,,
fvc2004,db3_b/101_7.tif,b5ecb9a927d84985c03c8619e4e9b3f275714249935a780921f0b9df04707db2,144512,300,480,512,L,,,,
fvc2004,db3_b/101_8.tif,a49d3d990f0b500a42e38c2a5120a385c0ffc8de9f741cea4ea022e5fb2e0f8d,144512,300,480,512,L,,,,
fvc2004,db3_b/102_1.tif,79f5421a4984137c62afb97b6714ef028436ac1fa5361925c0d108e0838151d9,144512,300,480,512,L,,,,
fvc2004,db3_b/102_2.tif,835b8311db943a801a59aad3fa4b57f1723654d3ab6be866eaa5ab97b84dfc99,144512,300,480,512,L,,,,
fvc2004,db3_b/102_3.tif,58f181e29b82706c1280af832ad34f3f55f827e2ec1d184a61f7e963b1e4e1b4,144512,300,480,512,L,,,,
fvc2004,db3_b/102_4.tif,e60ec0e0e3032703090a4456232fd27da27ef56584253d334af7bf0cf929f455,144512,300,480,512,L,,,,
fvc2004,db3_b/102_5.tif,25170cfde131f01f0dc9983513cff9c71b032101eaaea4ace62e01f2b7bf82e1,144512,300,480,512,L,,,,
fvc2004,db3_b/102_6.tif,28f4eac374194099818e99c481e2140e2847d33317840cb24248d20312948c73,144512,300,480,512,L,,,,
fvc2004,db3_b/102_7.tif,bcb4ee7b56d7ff725312d065d88c818019fad3cfcbab64223ad2be1b85ade2e4,144512,300,480,512,L,,,,
fvc2004,db3_b/102_8.tif,de3df5155c48e3aa7a468e087ab62e1eed639dc6c7222d4573b89da2f246ff09,144512,300,480,512,L,,,,
fvc2004,db3_b/103_1.tif,b0c62e05122428162a6909ca0b20f4a0454b05d787dd855ec35e0f64f601f68a,144512,300,480,512,L,,,,
fvc2004,db3_b/103_2.tif,66784c958a3807df7b9b898766020dc62676bc277f64e59948305fe38e9cb28d,144512,300,480,512,L,,,,
fvc2004,db3_b/103_3.tif,874ca9d85e4bdb2759315444f5b75cf7b7e02ef8aaf5f864bae8467d2e4d2765,144512,300,480,512,L,,,,
fvc2004,db3_b/103_4.tif,4fa5347b93cdcd6245b7393f41479cba821e3424be52b0d422de9cd6c670b7ff,144512,300,480,512,L,,,,
fvc2004,db3_b/103_5.tif,02afc3392aec353f59758ea3e5618583c0f06c7b049d678f91b6fbe3ca8367a8,144512,300,480,512,L,,,,
fvc2004,db3_b/103_6.tif,7e11ee949c889d26914abd573ffa9ba904cc804d7ac81a98032bcd0167ce9710,144512,300,480,512,L,,,,
fvc2004,db3_b/103_7.tif,4450f8b6d41e1e06229387bf4a57235a365c5c987adacde6f4568d0e03f88cab,144512,300,480,512,L,,,,
fvc2004,db3_b/103_8.tif,c04196ba63b801e6d4752bfb1658f3b6faf4128335ac2389e5e43b858bcab37d,144512,300,480,512,L,,,,
fvc2004,db3_b/104_1.tif,606db90b1b8beadbce454b53a5de85c19f6a7fd546d1684c0ec52ccf57aefe9e,144512,300,480,512,L,,,,
fvc2004,db3_b/104_2.tif,83b128465b0407621b83ee30fef6819bd9a16255b9a56c7f381902292bf98cf1,144512,300,480,512,L,,,,
fvc2004,db3_b/104_3.tif,12e9f82cdc6d2b572c9ccd2792e488707708e78f3acd8cb2026c906c4bb4066c,144512,300,480,512,L,,,,
fvc2004,db3_b/104_4.tif,3709a718af54616b6c4b80701ed43d8f6fa9095e8e3f4381ea523be4c19da88f,144512,300,480,512,L,,,,
fvc2004,db3_b/104_5.tif,7c80c576776cd432aeb413187306094bd7d438da1f0a15d4c9ec7f451a85e21f,144512,300,480,512,L,,,,
fvc2004,db3_b/104_6.tif,e2f65dc2e83204d2b973731bb2bf3750fdaf726f2d33718babd6f4eb3b9d9b79,144512,300,480,512,L,,,,
fvc2004,db3_b/104_7.tif,a10a8da22f43fc82c0f44cc273b62d1540c423bfab551264fde627172ecac179,144512,300,480,512,L,,,,
fvc2004,db3_b/104_8.tif,783ee39d0fbf3bc80a63f133bfe7712bd278b4c54e7f4dbd9a09ecc6d787a158,144512,300,480,512,L,,,,
fvc2004,db3_b/105_1.tif,0d9b50d57d418e845bfeda29f4752d34d79ea6fc5e63d5ad9eefa27d9108b019,144512,300,480,512,L,,,,
fvc2004,db3_b/105_2.tif,867741c275c815664f6acb3faed853684ab35ee5639bc514f4a237e50289fb5a,144512,300,480,512,L,,,,
fvc2004,db3_b/105_3.tif,593c279d9d41aa36df62ebb940e31057c1471cfe0711d518aead7fff1a79f39b,144512,300,480,512,L,,,,
fvc2004,db3_b/105_4.tif,a9762343756196388a6d5c371dc8675081d018f952703ae023ac41e4682e1053,144512,300,480,512,L,,,,
fvc2004,db3_b/105_5.tif,22650794e267abcd68a515d3a3e18cf47259391564d7599de7e9ee1aa224aacc,144512,300,480,512,L,,,,
fvc2004,db3_b/105_6.tif,34fd351dca66ec3d0ef8c858dc092d4a60687758c8b68d26707cabbb4dec1975,144512,300,480,512,L,,,,
fvc2004,db3_b/105_7.tif,5aba6168d2cb4bc905533d76efb04296c0a2be7b585515266bd5e307a6b8bc4b,144512,300,480,512,L,,,,
fvc2004,db3_b/105_8.tif,6ea4ed3d24aedd23a47103e7fb26083a56a51ba6615cf6e9a3bfcacdac919597,144512,300,480,512,L,,,,
fvc2004,db3_b/106_1.tif,21f3e53a27065c51f77207038764f4f069be7d0774c0cf8c9a55311acb94329c,144512,300,480,512,L,,,,
fvc2004,db3_b/106_2.tif,9bbeeda253475dc68ce542fd994dd49c0709421a151c712ac9e350b9512d3fc2,144512,300,480,512,L,,,,
fvc2004,db3_b/106_3.tif,b20f92ca6a5c7e730280500ef296170eec31587b3f8e5235b90abc00c32a1c8a,144512,300,480,512,L,,,,
fvc2004,db3_b/106_4.tif,c55be9adfac1e1ae64f78d15a617a92733a694cacb52e098d2762eca8e3e2c17,144512,300,480,512,L,,,,
fvc2004,db3_b/106_5.tif,fb1a8ee229f574e2472cac30e7259fa8ccf683dcf099717fec00342c3a13d160,144512,300,480,512,L,,,,
fvc2004,db3_b/106_6.tif,b92cb029adc5046e5107f30689972c5f818b1197fa67461e09135faeb9af59b8,144512,300,480,512,L,,,,
fvc2004,db3_b/106_7.tif,4048a70b61d88e1141a7337ffbc37ae8f649b7c1377aab330446f50328dd6899,144512,300,480,512,L,,,,
fvc2004,db3_b/106_8.tif,a93feadedf87aa911937cc233e60eeff8777c0296fa48202928aa565c0329954,144512,300,480,512,L,,,,
fvc2004,db3_b/107_1.tif,2667674da126101a6940e947701ab42d4680fd8cbdf92a3145052830d73aeb26,144512,300,480,512,L,,,,
fvc2004,db3_b/107_2.tif,89f4db9b56c587103b5b6354d58b75306b08bbea5f006249b450e9553fd74029,144512,300,480,512,L,,,,
fvc2004,db3_b/107_3.tif,9556251f192a9324d158db40156ed2a38e1034bdb48f75d97cf3e9273c3dc679,144512,300,480,512,L,,,,
fvc2004,db3_b/107_4.tif,6f2b58fb590f320099a21cafb92e088a3288533975024c74bac9cb15a1ba02c3,144512,300,480,512,L,,,,
fvc2004,db3_b/107_5.tif,5bd33863bf155950d4a42edb60caea33e930f93b72d7e4f48b87981e5909bc57,144512,300,480,512,L,,,,
fvc2004,db3_b/107_6.tif,f015fb09164f382d2e88e03194aaea9956579fe4f25838a3fa051bcf6428aff1,144512,300,480,512,L,,,,
fvc2004,db3_b/107_7.tif,99145423b25d38aa5c31fc20fde141da5c38312d6f3a8a1777cb26b6e9ee086c,144512,300,480,512,L,,,,
fvc2004,db3_b/107_8.tif,0f613c6d78ca4fb45c9dfa656a2838c8056d88d1a1f8a0c1cfdbc323bfd7193b,144512,300,480,512,L,,,,
fvc2004,db3_b/108_1.tif,1270d08f9943f3c1295b1c767a7435204619d51849123da44c7c62574e606163,144512,300,480,512,L,,,,
fvc2004,db3_b/108_2.tif,aafc11efdd79f48d70a5b329a5cff870ff6f3248cb72fb6b4c282d336891dcb3,144512,300,480,512,L,,,,
fvc2004,db3_b/108_3.tif,ea55883d3449a027d3d8fa0599fd07be23a4f495dad9df34b916c66e24509d94,144512,300,480,512,L,,,,
fvc2004,db3_b/108_4.tif,555a148363025bb0e02054f0b2c0f638cd854460adf79c310c98c4d2d5a128e4,144512,300,480,512,L,,,,
fvc2004,db3_b/108_5.tif,5b5e122856a14310060ec06180a958402096970c17d7d33fd614a3adb3ebbe9c,144512,300,480,512,L,,,,
fvc2004,db3_b/108_6.tif,de77939fc7985c681db241c1d7b923cf4068a808088253af31d005ad399439ac,144512,300,480,512,L,,,,
fvc2004,db3_b/108_7.tif,ab5f07bad7c39404026870a58c21b862f80d9ad9612d595ffad353765670300a,144512,300,480,512,L,,,,
fvc2004,db3_b/108_8.tif,da6e12d2db48d9d4cbf58240d1dcff07c1329f1983c26c596415e90abc6f48ff,144512,300,480,512,L,,,,
fvc2004,db3_b/109_1.tif,6db044966ae0f15cea2aeb28d2000ce2a519b0e8777f56d43e60c5e5feae5f78,144512,300,480,512,L,,,,
fvc2004,db3_b/109_2.tif,1747aea733cfe24dc27876bcd53cb790e0502cc8e1c8df2ced06bcdd13d0567b,144512,300,480,512,L,,,,
fvc2004,db3_b/109_3.tif,6692c695b3a1004f0a4122bc63219b55e063b446cc346bd56a9795391d7853d6,144512,300,480,512,L,,,,
fvc2004,db3_b/109_4.tif,0a8381f07358e8136e12eb59b276765e91e74fe0075bf5ca530c61ba63d82970,144512,300,480,512,L,,,,
fvc2004,db3_b/109_5.tif,0acf4c928b58e7225632eb52deec002ce2750efa74f0fac4b1e54183aca481a1,144512,300,480,512,L,,,,
fvc2004,db3_b/109_6.tif,af9c10e811ef6c163b189bcb24f70245267f16dd80541d52eacf7c4e2dbbe7f7,144512,300,480,512,L,,,,
fvc2004,db3_b/109_7.tif,baae60e0ec793b37a858d779e663482b021588178e7d0eba172ea82c1fc24240,144512,300,480,512,L,,,,
fvc2004,db3_b/109_8.tif,355d0a8a02d1b7de32ebe8e61dc4cad512f65e382b8f0c013082c80a0b093f8b,144512,300,480,512,L,,,,
fvc2004,db3_b/110_1.tif,b502258901df85d274edda9ca21d4cb9e17fe6b2299f0f462bb9c8b38bd9bfa0,144512,300,480,512,L,,,,
fvc2004,db3_b/110_2.tif,f46e82ae1e433afd2e8fbd7af2a8776114975dc5860ffb8a406103234e841dca,144512,300,480,512,L,,,,
fvc2004,db3_b/110_3.tif,07c726003b45e3212878e565e688ddcfb5641b76c3beeecebd7f9fc34facd4ae,144512,300,480,512,L,,,,
fvc2004,db3_b/110_4.tif,4e8431b8227fcdbb36a0cff0ec92e2e0112fa5c5679d1c4cd6681d924e5f08c0,144512,300,480,512,L,,,,
fvc2004,db3_b/110_5.tif,ade70927c29a1c24e395c245f4d9bf78b66b1558b3832d6a89c30abade8b7e78,144512,300,480,512,L,,,,
fvc2004,db3_b/110_6.tif,c28090f1f400b582f8c8fcaa980a663e630e24651ee8d3e96487b4da6cb29402,144512,300,480,512,L,,,,
fvc2004,db3_b/110_7.tif,2b433779101259a3298789eab7e3455bc03124a43f59981a2c76ea209d64c1d8,144512,300,480,512,L,,,,
fvc2004,db3_b/110_8.tif,5dd04295481cf5ee54babaa693d20bb98793b721e8ed010e11b7de2371a1ddf5,144512,300,480,512,L,,,,
fvc2004,db4_b/101_1.tif,c75cb35a22d268fb7c64d346b948bd1e9ca82c4916ac6636677548be0d04ebc7,111104,288,384,500,L,,,,
fvc2004,db4_b/101_2.tif,fa64a57fe336c42300c002f8e4a72e91a38127354ced74d5c18bc10ee4dc68d9,111104,288,384,500,L,,,,
fvc2004,db4_b/101_3.tif,afef6434a301f27aaa068c5e66a8502f16d6cb6d3318ace049b12dd22bf4771c,111104,288,384,500,L,,,,
fvc2004,db4_b/101_4.tif,ac94acceb94980782262bd71f5b47a66106551b45178a13127861b518f881380,111104,288,384,500,L,,,,
fvc2004,db4_b/101_5.tif,5f49957d93df42c45deaa9ef2cc494abf548db16bb25885f7cc30bcfb21ff8d1,111104,288,384,500,L,,,,
fvc2004,db4_b/101_6.tif,af1b826adb84ea8fca82049ec8cce4d8b49357ce062c901d597282b86bd42fb5,111104,288,384,500,L,,,,
fvc2004,db4_b/101_7.tif,9e11c6f4784dd275b9be1a2f2de1738e3bceadc9c71239be0b4abf3f2145f283,111104,288,384,500,L,,,,
fvc2004,db4_b/101_8.tif,8bd93eba29ef526c6297897e2335d4bd4456abd135ac1b965dea401127bbca0f,111104,288,384,500,L,,,,
fvc2004,db4_b/102_1.tif,24deb4b755159692079ab49acc1a70ea98f804d2078a36d98aa1556769e8c35b,111104,288,384,500,L,,,,
fvc2004,db4_b/102_2.tif,fce09e8cc494c34adaab1c5834e8345ae9f22b12956074878666821d1a65397f,111104,288,384,500,L,,,,
fvc2004,db4_b/102_3.tif,163df3e1958109a1d2abbabb5166a3ab8b96464f93002a74d7b0b89a73b23da9,111104,288,384,500,L,,,,
fvc2004,db4_b/102_4.tif,a2c79d9018385e6aab71b300f23802c920742ec6c7f049f75354cb57d503af3c,111104,288,384,500,L,,,,
fvc2004,db4_b/102_5.tif,82f18136219b98bce075035c31b5530b2b9b9fcf0a989e667221df935c732856,111104,288,384,500,L,,,,
fvc2004,db4_b/102_6.tif,9b89d8a804577c8e9a9d099dc1412dbdc9c45e181de3510524ec51660ef3209e,111104,288,384,500,L,,,,
fvc2004,db4_b/102_7.tif,69bd76beb40dcca1724c0efae1db15dc45fe25675fb600f31eabe96609881460,111104,288,384,500,L,,,,
fvc2004,db4_b/102_8.tif,e0a625cef3fc6e8a2ed1b8233f044afa1277576ebb1aac8492ae8de126e04dcf,111104,288,384,500,L,,,,
fvc2004,db4_b/103_1.tif,70a8912eb04ef7520368fb203d4a99036efc22d68622c46a83f2f01f4e5f239c,111104,288,384,500,L,,,,
fvc2004,db4_b/103_2.tif,4dec950fe96a9c6ecc437ffd90e90c8354f848ceedf5c33158cf2fd8104a4c46,111104,288,384,500,L,,,,
fvc2004,db4_b/103_3.tif,c4cdd70a734b156d14631fa978c1f927e1dd6262de2e41cff653672b8a8a2fdd,111104,288,384,500,L,,,,
fvc2004,db4_b/103_4.tif,2c35f31c669eae57448066b064390e34bed21315bebbe50aead33c22f9922e99,111104,288,384,500,L,,,,
fvc2004,db4_b/103_5.tif,43e107733d33e49a0b87e57a1e2e2c43c0b0e145e002bd0e41cd11af321e6247,111104,288,384,500,L,,,,
fvc2004,db4_b/103_6.tif,8afbb55e0509997e1048a5ee76d4ef0c80fffb1a314ac34e9fbdb2e13c994826,111104,288,384,500,L,,,,
fvc2004,db4_b/103_7.tif,69fc420a26830f1ddcbe143ca77917e6e21d51e3b12b1985660b5508ca16a7d1,111104,288,384,500,L,,,,
fvc2004,db4_b/103_8.tif,bf412ba72ddea0b3376b1aead2564286e37cd68e2ba56cfb8b6b6d87ea788484,111104,288,384,500,L,,,,
fvc2004,db4_b/104_1.tif,d1d20184d41a30df11b2b17abcee420e16df80b0ae7f27c2ee2b4ed04c553200,111104,288,384,500,L,,,,
fvc2004,db4_b/104_2.tif,5f07fca90e10745c17e78535c00458a33e310eecc8d9eaa4ae37c73767612b5f,111104,288,384,500,L,,,,
fvc2004,db4_b/104_3.tif,086abb6f4b9ccf4056becd1081e97c97a8257813e5f44d32b2cc9cc45fb0e6f0,111104,288,384,500,L,,,,
fvc2004,db4_b/104_4.tif,4ceb0b17ea0ce40771067d5a59a1d16e9639430512faa564a2e4897a3f601a2e,111104,288,384,500,L,,,,
fvc2004,db4_b/104_5.tif,185df87cd1ae54abd8c7bc37f3388289a46bdc65beed817934e77b7428c46dbb,111104,288,384,500,L,,,,
fvc2004,db4_b/104_6.tif,412bce3d07ddabc2d21dada60adfd86e5d40225ac0b6aed5379239a3fd568aea,111104,288,384,500,L,,,,
fvc2004,db4_b/104_7.tif,781a698aeb025abbef85d62b0e914bb24f9837aff510d86f048ed641790e1ab5,111104,288,384,500,L,,,,
fvc2004,db4_b/104_8.tif,48e3f191b6d04580100903cf335d54a000ecd66a49d3ceb8913d85e254449fd5,111104,288,384,500,L,,,,
fvc2004,db4_b/105_1.tif,e66304efc30b90006e7d4656e0997aad3120952ade0e4de2879b0e4f6b69bc01,111104,288,384,500,L,,,,
fvc2004,db4_b/105_2.tif,d01e415139f84440da80fcf29f6515e4675f4a52419cb5183b23c05764cb4dd3,111104,288,384,500,L,,,,
fvc2004,db4_b/105_3.tif,6787756a2065c7102f1108119fbb19a70b1f09f45c326dc8fd7ddc96383486e9,111104,288,384,500,L,,,,
fvc2004,db4_b/105_4.tif,37c6e066a2652abe6ee57fc2d266a2ca674149a2ef7bbb1fd3d4b6221d44939a,111104,288,384,500,L,,,,
fvc2004,db4_b/105_5.tif,461dd5c1e5ee2053467f98ec5351425c45640989ac0285cafbb7a0ab94b36e1d,111104,288,384,500,L,,,,
fvc2004,db4_b/105_6.tif,6166e307042e8e7bcd8898b669a2cfc92297d6b454a736f0c73c7bbc3980d420,111104,288,384,500,L,,,,
fvc2004,db4_b/105_7.tif,2f0f0058a66650c10d3b16a914e450f896aeafb4f52a8ac3dbfd4dcdcf7ad6b0,111104,288,384,500,L,,,,
fvc2004,db4_b/105_8.tif,1a8e69f2b1f6333c38e8a448d004e308bf67af1fe9b3f00cf2e503952773f0f8,111104,288,384,500,L,,,,
fvc2004,db4_b/106_1.tif,871fbcaa3279105ff0f8d82de07ddc815707fa02f6139d925df739767d4a4ff7,111104,288,384,500,L,,,,
fvc2004,db4_b/106_2.tif,18760b38851b2e746b649ede6b9c49865e69c355a49f834d6f81386d9f5104f3,111104,288,384,500,L,,,,
fvc2004,db4_b/106_3.tif,4d60b823fbde7e7a877f36831f5ae422abd6f4720362aae85255274c3ab2178b,111104,288,384,500,L,,,,
fvc2004,db4_b/106_4.tif,c1e1c67842b398044fe20dc9e4de233302fbbde1fa90cd8554dd0a4bf4de4942,111104,288,384,500,L,,,,
fvc2004,db4_b/106_5.tif,d0ad3ac636fb80157f81ed91fd6a04f42e3464a61cf8db569d8e4d7d2874d8bb,111104,288,384,500,L,,,,
fvc2004,db4_b/106_6.tif,ed7de18511d36012ec7657dfb72b01b65ea8ab0a6c6b6c6ce343e6e901859ed4,111104,288,384,500,L,,,,
fvc2004,db4_b/106_7.tif,16f2c28eb1ac8dece0dbafafb9dcddda21bcac276b9c5bfcaf83ad6a48f87bd6,111104,288,384,500,L,,,,
fvc2004,db4_b/106_8.tif,051895f4a3c116aafb1167b624d0b1dd92cf65e6257cba995d857c581b31e686,111104,288,384,500,L,,,,
fvc2004,db4_b/107_1.tif,4ab2ee28473df5aaf1cc15224317f24e87047d3247ebbff19fd8dc3ebc153f14,111104,288,384,500,L,,,,
fvc2004,db4_b/107_2.tif,4a207c95b982b4b4d94b9cfce2c2ca64aa93a4a5e0f08ed247badf525ea4d869,111104,288,384,500,L,,,,
fvc2004,db4_b/107_3.tif,74146082b18ee3cdd597796ed556faecc0236b13a2f3cf2b083fd3132c2f977e,111104,288,384,500,L,,,,
fvc2004,db4_b/107_4.tif,1b7abc7f57dc75c21c7ad71fefc0c3389f89eae346221b1e55acad526e0b6497,111104,288,384,500,L,,,,
fvc2004,db4_b/107_5.tif,3a5c0bfdd1fb2e58bac3cb75847ebe96f9e9782355dc6b6311389b7e6df04b46,111104,288,384,500,L,,,,
fvc2004,db4_b/107_6.tif,5a82a9e94a3cae4253c974b06a9305bd1ffeb4ededff902256081bbd4882a76d,111104,288,384,500,L,,,,
fvc2004,db4_b/107_7.tif,869f2d695a1749abe110fd2ac3240f9df6f3bd9077cb9d0e31350d40354819e1,111104,288,384,500,L,,,,
fvc2004,db4_b/107_8.tif,d700a33f4d223bcc6ec22c44c878efc1d03d660d70c8aa5eec24d4f0cb48699d,111104,288,384,500,L,,,,
fvc2004,db4_b/108_1.tif,d78495de8d5ff2db243b438122bb880045c135e1fb08cf8c8d7ca57178d6f8a8,111104,288,384,500,L,,,,
fvc2004,db4_b/108_2.tif,945fb2414a2ff654014ed786a501558cab8506d262197132ff0397cb6237aa40,111104,288,384,500,L,,,,
fvc2004,db4_b/108_3.tif,8b449c2fbb27b12e8f1e7f29789d96f46f66b152ac6622d4201be0b81daf267d,111104,288,384,500,L,,,,
fvc2004,db4_b/108_4.tif,10dc2ca116d6b6bd0a0796e8807448360ca293b3866afad18d8ef16c35081474,111104,288,384,500,L,,,,
fvc2004,db4_b/108_5.tif,33249b2c88b55b8fb00493618921a3cbd1f0c050588325a8170efbbbc0c4a08b,111104,288,384,500,L,,,,
fvc2004,db4_b/108_6.tif,b3d60428ff64a4cef37720f544559076ad73123eaacaf3403ed6f4154e40b8ce,111104,288,384,500,L,,,,
fvc2004,db4_b/108_7.tif,fb25a9a7cec1f0b7233891160f443fc7bd9ebfef2fd7d9a77e6ee2db761a3e34,111104,288,384,500,L,,,,
fvc2004,db4_b/108_8.tif,dd95ce5f4ad85b0804678bec300d610dcba524aa6cb8d4497dc97db38af79cc4,111104,288,384,500,L,,,,
fvc2004,db4_b/109_1.tif,36673e8f09336e5fb7e9b5caea09624dbef2982d8921af088558222cc0775d73,111104,288,384,500,L,,,,
fvc2004,db4_b/109_2.tif,89050e78a31ecb51b868093af5285d0ff25895f9de6361a1ed9fd4e6f37c12d7,111104,288,384,500,L,,,,
fvc2004,db4_b/109_3.tif,48f5795f6921a4f9ce9794d089926f57027f76ae21e78273dd0422eb5a5e3618,111104,288,384,500,L,,,,
fvc2004,db4_b/109_4.tif,041e64a2f160dc94673856e7dd28c26e3ee47ee41842dbd26d81f537acb1a98b,111104,288,384,500,L,,,,
fvc2004,db4_b/109_5.tif,ab2913637a2ca34f07b803d7fdbdc831a8482a6a315b734aa3e592e893786ca9,111104,288,384,500,L,,,,
fvc2004,db4_b/109_6.tif,8c2606418c3a5f8375692ace91cfdd65f955245ab9086ab3152bb2454dd78c60,111104,288,384,500,L,,,,
fvc2004,db4_b/109_7.tif,2b5eaccb69d7774fa5561e97b38ceb9a08d7301a6b18da3ccdc68583d8887347,111104,288,384,500,L,,,,
fvc2004,db4_b/109_8.tif,2cd2b490c656687f25b1af61a0f3a35dec511e96206a14ecae9fb1abfc138b39,111104,288,384,500,L,,,,
fvc2004,db4_b/110_1.tif,61a8b2967f7a07b3c76970335e4a9d6f8c6c8433ea202186c5d84608b48d31c4,111104,288,384,500,L,,,,
fvc2004,db4_b/110_2.tif,34e1c4d2ba33ace357cecd94d6aac056b41f4d7f61fdf709d1c87eb98d5120f9,111104,288,384,500,L,,,,
fvc2004,db4_b/110_3.tif,b15e3a67b5fb839366975775c9430b50a04de194aaaf1721378efbc8da0bdb2a,111104,288,384,500,L,,,,
fvc2004,db4_b/110_4.tif,e0279ad343eeac258b12584822e294b1e7849267d8c344adc16c4f2bd761829f,111104,288,384,500,L,,,,
fvc2004,db4_b/110_5.tif,3a16fc39d3647aeca66a6800d3b3088898aa929d13b604df9ad0307231885aea,111104,288,384,500,L,,,,
fvc2004,db4_b/110_6.tif,01cb927466363aee5d46d08ab449e0955838b00b2f5e870041b1cbcdf78cb8a5,111104,288,384,500,L,,,,
fvc2004,db4_b/110_7.tif,05ef87a5ac98e905ee6cd8d27a487b23f61c1df4f2f001724db35e5fce5299f5,111104,288,384,500,L,,,,
fvc2004,db4_b/110_8.tif,3c759549b970df285d03657c6339e899decc51ab8da67a622a5bd537ba34c0ce,111104,288,384,500,L,,,,
