dataset,relpath,sha256,bytes,width,height,declared_dpi,mode,subject,finger,impression,quality,gender,severity
neurotech_uareu,012_10_1.tif,0b29b6b2c9a91b716f39755d61d9b6cdb2a735b3c6ae138c672f958329eff12a,117830,326,357,512,P,,,,,,
neurotech_uareu,012_10_2.tif,dc90ae323b3520fa8192b11e0e7e0111fa0f6f0d19b6e545f2968efe322538be,114314,326,357,512,P,,,,,,
neurotech_uareu,012_10_3.tif,9df7f58579e4cca649e4fd82f2b16ad93bc74d4c785d98a614e907c4539ec9ea,118226,326,357,512,P,,,,,,
neurotech_uareu,012_10_4.tif,2196c5064df21dae2be3ee18c2f0abb747c910dfe3e2fa910ff26e74271e0b59,112814,326,357,512,P,,,,,,
neurotech_uareu,012_10_5.tif,03d0639b4d1a8da81bfb546bd84e00ed63eabc0570d69fd7751bc699c7b84d14,117476,326,357,512,P,,,,,,
neurotech_uareu,012_10_6.tif,0a69cd39bcf096e488336414311e604cfd2442964a291b6fa46a7904b6961a61,114560,326,357,512,P,,,,,,
neurotech_uareu,012_10_7.tif,3961801302a83f90b0d5838b9727355260aef5a36d320fb0e68b6801d9a35cbe,114290,326,357,512,P,,,,,,
neurotech_uareu,012_10_8.tif,cff178f0bd60d233fdcd217b6234074e90a0aa748d6ac8ef56b4d64c9448f9eb,115354,326,357,512,P,,,,,,
neurotech_uareu,012_1_1.tif,df48d180d6e14518d8d59571fa7861d9b3393a3e19fa7a67c1de7ae36700e24c,120490,326,357,512,P,,,,,,
neurotech_uareu,012_1_2.tif,a08bd791db92d1bdabd72ff3ad529ec138c58bd5b0180444ea047e96ef23e604,118822,326,357,512,P,,,,,,
neurotech_uareu,012_1_3.tif,78798f37ee223d9e6545ba72970571a252540c09ab551c2cfccc0e55ab21c456,116316,326,357,512,P,,,,,,
neurotech_uareu,012_1_4.tif,11a5521ed264179351ee7ecbf7f5721a1539df31ee2e923a0897e7b3afb8d8a0,115318,326,357,512,P,,,,,,
neurotech_uareu,012_1_5.tif,b11b7ded93e8cd950f6c23c913ecb32af2fa762d9e11b9dcc91f880675b05558,117274,326,357,512,P,,,,,,
neurotech_uareu,012_1_6.tif,cddbfb3e7f6238f24ca866ec767ab69618783d357792017512e35d84827001df,112890,326,357,512,P,,,,,,
neurotech_uareu,012_1_7.tif,3e340f447c69b4bc2b80e8f943061f9115bc8c554ecbcc417c75dafde153353b,114322,326,357,512,P,,,,,,
neurotech_uareu,012_1_8.tif,53771008cda526a01199aace2278fe834ce23ff8bc63fac412e22126d7a67aa9,117548,326,357,512,P,,,,,,
neurotech_uareu,012_2_1.tif,60a00d056a678171a4198e6ed6c96b80adce328de89033d5f5014f4f08bfc690,119774,326,357,512,P,,,,,,
neurotech_uareu,012_2_2.tif,2aaf51439bea2e18062eaea81ca50252bc77304c0796cb83961eb94d7a871853,121820,326,357,512,P,,,,,,
neurotech_uareu,012_2_3.tif,98855374f5300b526cf118f9541fd33592090bba5b602413b0804c3d5befa02d,119584,326,357,512,P,,,,,,
neurotech_uareu,012_2_4.tif,6fb9a3abde56300ce3c2676dff7c9d50022a3e6a890dbceaaf9bb7415586c318,118224,326,357,512,P,,,,,,
neurotech_uareu,012_2_5.tif,628c91f38df9406abc48609fb3bb86788bac4ec51c99792dd91e5ad1a7fab92e,118038,326,357,512,P,,,,,,
neurotech_uareu,012_2_6.tif,82034c716c750fac4631ee84e2db78e4d57c58e1b26d6e032807791bea961134,117098,326,357,512,P,,,,,,
neurotech_uareu,012_2_7.tif,960d41118eca60ec3e1be615db2c620ec43c4735f721c40696c581181ed26544,116284,326,357,512,P,,,,,,
neurotech_uareu,012_2_8.tif,1964011f3485662ba4ea94fa77e87d6a6174dd65ba0fe1168abba21aca2448d7,119326,326,357,512,P,,,,,,
neurotech_uareu,012_3_1.tif,127abf69cd76703d77ce8b05bc25bc0ade0303a071040ec1b1a5d9d2a50ffc0f,120188,326,357,512,P,,,,,,
neurotech_uareu,012_3_2.tif,a9eb346cf972411cd72d701c49942dfe51261afbf305e6068a7528388e7bbc53,122466,326,357,512,P,,,,,,
neurotech_uareu,012_3_3.tif,6982b4cdd501d0191b01003edb69e1211896415bed0d3f22fd979d66a6ae7526,121846,326,357,512,P,,,,,,
neurotech_uareu,012_3_4.tif,761fd184b1fa9cdb477a413da4dbd841abe8f418c85bf9b417bee605122da8e8,125042,326,357,512,P,,,,,,
neurotech_uareu,012_3_5.tif,836abb401302ca6ee837fcea5533b1717fda2b94b8b1e4be6557cc87b57bacff,121428,326,357,512,P,,,,,,
neurotech_uareu,012_3_6.tif,2f5f2f881e1fe5cb86e833012346bb89e39d657345fa4781880a0327c9dce10d,117944,326,357,512,P,,,,,,
neurotech_uareu,012_3_7.tif,4aafc669aa4338eedd62e9f2cfcb63082305175f14421be548e892eb810a6890,116344,326,357,512,P,,,,,,
neurotech_uareu,012_3_8.tif,62d6b7d3108add340ae6d880534f31df73bcff258ce9ca93612e4579a3820123,118156,326,357,512,P,,,,,,
neurotech_uareu,012_4_1.tif,c8e3ca7ae0b3f80320033b6857dac3bc1e90a828fb91af238f91e71bd07ec0ec,118124,326,357,512,P,,,,,,
neurotech_uareu,012_4_2.tif,7336e9a93f8b9f534e5aadba99d890a37e7854f5c815ae7b2f6ddc4bb03402ad,121346,326,357,512,P,,,,,,
neurotech_uareu,012_4_3.tif,a8e9e475bfda8cf0cd23f08a5d490fe2b9dbffc059719ec8fd7fe549b608c6c2,123600,326,357,512,P,,,,,,
neurotech_uareu,012_4_4.tif,7ea6ad978b45fe18b9f1b1fc6662d9be132b41d7ff83d36a2ce09f4e9abffc23,122932,326,357,512,P,,,,,,
neurotech_uareu,012_4_5.tif,325a6f76a432079fe1b50352733f84886bf9e5f70e4acb8221391183f73c81ce,119796,326,357,512,P,,,,,,
neurotech_uareu,012_4_6.tif,7a1446cdcaa6fb21100ac859efbff3d0f5a06639d8b3d9e9d8de6ba4d976eea4,120638,326,357,512,P,,,,,,
neurotech_uareu,012_4_7.tif,e9d133bf1bda5cf2b7a89b6c2fe70d704996ef65f4c38041a83a98c4accecd1f,120654,326,357,512,P,,,,,,
neurotech_uareu,012_4_8.tif,851e15d2fec0445bb5ed2cb0bf8cefdd3b5d126923bf78d80f05ea8009e7931d,117370,326,357,512,P,,,,,,
neurotech_uareu,012_5_1.tif,998040234031c587d43e2f3df1bee6cb228e01f38dd66d7c854621df49f5617a,123054,326,357,512,P,,,,,,
neurotech_uareu,012_5_2.tif,a7311d672ecb96c9b000673afb9108d775df8e0fe171e297e77b979e2d1bf070,125470,326,357,512,P,,,,,,
neurotech_uareu,012_5_3.tif,68d66a5260b68c98791df57494fb3bcf0bcc26f0770643839b92502c69e84d5c,124896,326,357,512,P,,,,,,
neurotech_uareu,012_5_4.tif,cd9e0fcfb2aa5cd96a570544443ea09e2317838aa1dfaeb79a8f65f46fd2d0ed,120998,326,357,512,P,,,,,,
neurotech_uareu,012_5_5.tif,ca081eeaef0456a3bd86035a779615b1c61d2b1e729e0c9a7dca1cd3c0f799eb,121356,326,357,512,P,,,,,,
neurotech_uareu,012_5_6.tif,cd089c58b23815b3a951b475af9a25e55c19950354fbe5f2ba3e00d98dc556ae,120736,326,357,512,P,,,,,,
neurotech_uareu,012_5_7.tif,f1c76ffa65eed35d232b420aa342d418fec11d0548554ea97b9010ac1d166f37,121152,326,357,512,P,,,,,,
neurotech_uareu,012_5_8.tif,3b1fb0ab50d44c18ddeb1c08c620dd5d45ec257f7a69bb115bd75207d9cebb1d,119486,326,357,512,P,,,,,,
neurotech_uareu,012_6_1.tif,d0c52257937d59548e62d38db853357a4083fc6f36fd9f07109a57cf6f61f66e,122484,326,357,512,P,,,,,,
neurotech_uareu,012_6_2.tif,61f7836fcd012a5428a4bc5cf0a580fc2e87ca1fd84708c1dcb72b472b343140,120452,326,357,512,P,,,,,,
neurotech_uareu,012_6_3.tif,e355d3da447efc9187e0bf23ddcb237f6c7af34d48935aee1c7cb6727f927c0a,124916,326,357,512,P,,,,,,
neurotech_uareu,012_6_4.tif,7280c168d6423bba36bc62fecd20e217ae93811bfe0713f0b0aa9d199b6476e2,124422,326,357,512,P,,,,,,
neurotech_uareu,012_6_5.tif,49808a1208e25b3b30ff89d54e6d04e1904ceb828ce3d6d8f5a3e71f6e45d212,120828,326,357,512,P,,,,,,
neurotech_uareu,012_6_6.tif,25623a4bd4af11ed7c9db97fa7e57e62032800813752299ce3a3c55bb5b7d46c,119308,326,357,512,P,,,,,,
neurotech_uareu,012_6_7.tif,b49ab9e43ca643e8baea1e3b33203404df239120d885b0f14deb40ca541a6228,123296,326,357,512,P,,,,,,
neurotech_uareu,012_6_8.tif,7d680a867ca3765fe06479a1e28c640a1b403099e0b741a689b47abb393673a7,118732,326,357,512,P,,,,,,
neurotech_uareu,012_7_1.tif,d0bf8596ed0515949de88fef744d0dc2949e81ceadf55f7c6dbea77a67f7a0d2,122788,326,357,512,P,,,,,,
neurotech_uareu,012_7_2.tif,288069195ede8c1e31c797f8cef282c17154c334b78d8f3df6584f5df37bdade,122250,326,357,512,P,,,,,,
neurotech_uareu,012_7_3.tif,d790340b0b0fbf2f5319a342d744a4a17c2fbbe8f666fb167590b762c91214c6,122230,326,357,512,P,,,,,,
neurotech_uareu,012_7_4.tif,38332c51d6ab7a9dfbdd55f540d46fee2be99a41bdae9e978c4333db1464f16c,122608,326,357,512,P,,,,,,
neurotech_uareu,012_7_5.tif,95423a9af6ee218a1230c78b40aa07115448bfcc9f913dc070181b541a1f65b3,122762,326,357,512,P,,,,,,
neurotech_uareu,012_7_6.tif,04dc2ecc77d8a13dcd82d3109e65f2feb571904546c8b9a5f40afc2b657dfb09,121908,326,357,512,P,,,,,,
neurotech_uareu,012_7_7.tif,8da2a9e163ff6dd986e61fff55dca3240093b2b97572f6d11d83d42ac14ce3fb,122132,326,357,512,P,,,,,,
neurotech_uareu,012_7_8.tif,4b8f779ad1444516b80437631f8ea6ca8a90c452f9566f234dc5f2cb34ad2f11,120164,326,357,512,P,,,,,,
neurotech_uareu,012_8_1.tif,f4e717d8d25e2f2864213e26a04ac2fb196fd85a490e1383f6334d6ffddd83b2,118010,326,357,512,P,,,,,,
neurotech_uareu,012_8_2.tif,9b67d741b1fc33167488b13d5945017ea117447ff8332b455fc637042686ae42,118978,326,357,512,P,,,,,,
neurotech_uareu,012_8_3.tif,0d0b36a5727fb1c8a0a376641c11a5dd3a9707026fc334f250700ef85ed0c3b6,118650,326,357,512,P,,,,,,
neurotech_uareu,012_8_4.tif,cde6077edec7931dd1f677c04e38813cb44b567114efbf850cce87089f7ab2b9,121864,326,357,512,P,,,,,,
neurotech_uareu,012_8_5.tif,ec325c577d99ac2427877b7b361748bcd63b9c41617ea7d4b96d381e2a368862,123010,326,357,512,P,,,,,,
neurotech_uareu,012_8_6.tif,c4975d5c0831ef38a808e2a02f18caa6a29c80437414186b21b3ae430bb4c36f,119578,326,357,512,P,,,,,,
neurotech_uareu,012_8_7.tif,6c9ba0b20e55e0aa05bb7f6465a52ab04c5e1afacc9bc534c45b25c5aaa88d83,116244,326,357,512,P,,,,,,
neurotech_uareu,012_8_8.tif,6c0bfdf11a53febb76a1cf8b35bd145ce23252aa018f7232a570eab1c8ab2204,116044,326,357,512,P,,,,,,
neurotech_uareu,012_9_1.tif,0760ea96b99a5f1a4b672d8010b6af20b1c9f4607062f38916e5f23f6e8efd83,123178,326,357,512,P,,,,,,
neurotech_uareu,012_9_2.tif,558f8f07d27d9b2d5353ed14722a5706942b249e2d192ae76b8c08fa4f638468,115634,326,357,512,P,,,,,,
neurotech_uareu,012_9_3.tif,60d5c76418e93fb5a3d0de50763c38e15178fc84bc57c5b9126fa668ce994faa,115610,326,357,512,P,,,,,,
neurotech_uareu,012_9_4.tif,f20645b719b33325b4106e7d4d9e17605461a09b5f48ba292ffbcd1787623003,121294,326,357,512,P,,,,,,
neurotech_uareu,012_9_5.tif,de9a0ae8e65019a2aeb79e31d0f6177f346af714794406c6bbffc34955377844,122816,326,357,512,P,,,,,,
neurotech_uareu,012_9_6.tif,e1d677e931815b7ae24ea676885bea715c336ad329e6a41ddcc5012f7ced2065,120534,326,357,512,P,,,,,,
neurotech_uareu,012_9_7.tif,534ea3624d604abc38ae83ad427a44ca147d7bf80263c7c5173341e3ac5528ee,123288,326,357,512,P,,,,,,
neurotech_uareu,012_9_8.tif,b3d0cd43d674983f1ea277e98c5d89267eab02bfb83d8c9ccafc95e4732c3090,115434,326,357,512,P,,,,,,
neurotech_uareu,013_10_1.tif,c473eb1bd92991977cdceb81575e5e8a4993f59c24b08099ef7b51d84b357956,118254,326,357,512,P,,,,,,
neurotech_uareu,013_10_2.tif,0c6c227fdadda427f56bee769f902baedf2ef7f2f9645ac5a49e771c956f614b,119560,326,357,512,P,,,,,,
neurotech_uareu,013_10_3.tif,fb684a78d1b977c71560837c168a5f46034ba02456ff7fcbf4d4d5430b2472dd,119320,326,357,512,P,,,,,,
neurotech_uareu,013_10_4.tif,e016f1f016f89a556d869a7458eb752e198170d4e9108d050462f5356bec5785,120652,326,357,512,P,,,,,,
neurotech_uareu,013_10_5.tif,8a02db77d4bfa0fde5a80a088189ccb1ea613566a426ab7fd3e228bd3e2fb199,121060,326,357,512,P,,,,,,
neurotech_uareu,013_10_6.tif,a51353002a7a93603dc3050d0e07faf425db45ae0dd1b00effef6505a7f0496b,121518,326,357,512,P,,,,,,
neurotech_uareu,013_10_7.tif,77d4357202c5d6527e0a96c1de5eea6598c9cf92979b535cda9a3bf41fda39e1,117516,326,357,512,P,,,,,,
neurotech_uareu,013_10_8.tif,585ff886c12eed6b190f904c69e16b662f8ff2032d12cb3cd2d433876c3542f8,115580,326,357,512,P,,,,,,
neurotech_uareu,013_1_1.tif,15658d46f3b953ff4b79722e180f2f1b36f2890e2c07c9bfa85a4f0195662b86,121458,326,357,512,P,,,,,,
neurotech_uareu,013_1_2.tif,eea1f1982a2615f920dc565ba56f3525ad7269df769925da158c0fc7549776f7,120996,326,357,512,P,,,,,,
neurotech_uareu,013_1_3.tif,07bdd83b4943608ea52471b0326413878eb17fcb9a33ea78e14e4d5e719072f1,123494,326,357,512,P,,,,,,
neurotech_uareu,013_1_4.tif,3786178a5ac832ac78608f07135ccc5279877cfb6a859eb8892cf0a117f6523d,121498,326,357,512,P,,,,,,
neurotech_uareu,013_1_5.tif,cd6741ed521c4c3e42b2e3d44ce782ef6b22ad67b168eacd158ed8a8103f046e,117064,326,357,512,P,,,,,,
neurotech_uareu,013_1_6.tif,84011d7f670935718b6a3b243cbbd44ea17e4fe79c732cb4dbca65fbef7b09ef,119692,326,357,512,P,,,,,,
neurotech_uareu,013_1_7.tif,561332681791a47eabab7bbd07e980f7e12b2e16d7d8c956def3c6b4e04bc61c,118712,326,357,512,P,,,,,,
neurotech_uareu,013_1_8.tif,d87771aeb2b02dbfdb5d831e21dc6d270e4695f18b46dab5bddc0e5a676350d0,118900,326,357,512,P,,,,,,
neurotech_uareu,013_2_1.tif,42f27e0f8345c03acd2902832d50efdbb0b91cb240b760447e335939aa01a4a0,126984,326,357,512,P,,,,,,
neurotech_uareu,013_2_2.tif,07ee6fa5e0bf186176c1dc6c70ba704f059a61988a1079d890651db3b47f9551,125108,326,357,512,P,,,,,,
neurotech_uareu,013_2_3.tif,8f3582ceadcc84e30d1de6772da44f44613de6aa6457221b7444b7ba477e4d17,122464,326,357,512,P,,,,,,
neurotech_uareu,013_2_4.tif,357956ef78de671c5d49498267a4c56591aa037abc3393a2048f5cdf3ad60091,123186,326,357,512,P,,,,,,
neurotech_uareu,013_2_5.tif,c5bedd49d790e143c5ddcd8998753da6d69146f6b07f4a07753dfb074ec5f0cc,126000,326,357,512,P,,,,,,
neurotech_uareu,013_2_6.tif,c6d4bf021c7aba2ad174e2a06d34fc11f8d02e17f95a3a7250a1cda26e9d6c39,126074,326,357,512,P,,,,,,
neurotech_uareu,013_2_7.tif,ccd310a794187acb8ec05021988548370db361eb0b9d909c270d528a41c8dec4,124516,326,357,512,P,,,,,,
neurotech_uareu,013_2_8.tif,af6f6f158ad2ba58c0c5998afafce44a7768ba225454821d1af87cb2d08712eb,123900,326,357,512,P,,,,,,
neurotech_uareu,013_3_1.tif,9370bb2f0379d386138ab8ff79b28ff492b6760dcfa325bd655a72ea212c0364,125260,326,357,512,P,,,,,,
neurotech_uareu,013_3_2.tif,ad4a81b545760086cdbf05eb8a46795757b5e72c01b0750534cb1b6c53cbb30a,123782,326,357,512,P,,,,,,
neurotech_uareu,013_3_3.tif,9335d4e9f149b6a0a0ead4043b861c7a5fb88fefe15f1fd9f943900bb487fa04,125990,326,357,512,P,,,,,,
neurotech_uareu,013_3_4.tif,b462a57003121ab5bec3665cadd9dfc385ac9ccf45bdea3edd2cf3f7bac3d996,123270,326,357,512,P,,,,,,
neurotech_uareu,013_3_5.tif,7bf18e55eb76ba027f774d9133f191e8c42762eca10b11aa6ec9f0731abbbd73,124256,326,357,512,P,,,,,,
neurotech_uareu,013_3_6.tif,a6bf8cab167eddf7909e8015d5db4764ea0b4c44932e3d8a9ff1d3459bfbe323,121760,326,357,512,P,,,,,,
neurotech_uareu,013_3_7.tif,18ee6f6a79dc4be003e8c8416802b165bd144e8309b63d174d981e58b15f1e57,120652,326,357,512,P,,,,,,
neurotech_uareu,013_3_8.tif,9a766b4c5f142c030d2a15dfce6055fa585fbf876ecc6aaf73d74fbe67ad49ce,122994,326,357,512,P,,,,,,
neurotech_uareu,013_4_1.tif,6609bbdb6f2e24f47cd5f0ffae02d90ffd54a2b62da44dda35af9c7579eaa9d6,120884,326,357,512,P,,,,,,
neurotech_uareu,013_4_2.tif,7d7b7ada9d0a509f6dd540a1cbaaafa08216816d0f819880fa6ff9840e4e28d6,125560,326,357,512,P,,,,,,
neurotech_uareu,013_4_3.tif,13bef0add4ab8713ceb42f7a1cf89e66ceebd0d9d796aeacc1fc08a7c3142fbd,125364,326,357,512,P,,,,,,
neurotech_uareu,013_4_4.tif,c9a19692a982348f8febeff9c5ca8ebdc31f222bf5aed5e632fbb2a875c08328,124152,326,357,512,P,,,,,,
neurotech_uareu,013_4_5.tif,2c2b9b93f0bf60909823f59539e360bb11f8ff8dfb6c841413e85bc5a9a83090,124036,326,357,512,P,,,,,,
neurotech_uareu,013_4_6.tif,989b7d39cb1134d4b3c832e3f22e7ba669329d0fd505c98756cf0aceacf346fb,121740,326,357,512,P,,,,,,
neurotech_uareu,013_4_7.tif,1705113cbe94ea25d33161e6e6e07316cc5297849f1404301337753b6114790b,124378,326,357,512,P,,,,,,
neurotech_uareu,013_4_8.tif,3f0c862f8d9d8a6dbd630aec99389db900d2ac66a7fc9eaf14bc566b161f8d76,120180,326,357,512,P,,,,,,
neurotech_uareu,013_5_1.tif,22b2044567320185170df009136e350d282ed45bfde65be9d3b4cec06652930c,123678,326,357,512,P,,,,,,
neurotech_uareu,013_5_2.tif,35c3495c42e885a5ef75ac66e262d835d9225465d30e612441acc1ffb4f02d9d,124714,326,357,512,P,,,,,,
neurotech_uareu,013_5_3.tif,ad3105204eff415b7055ebe12cebe9d1dbd7479f0ae425d7f24b9b450b163df0,126180,326,357,512,P,,,,,,
neurotech_uareu,013_5_4.tif,55d7428bf69e1af05d04a5cf74b246b43efd84929caa3f62629ba23a6d1823f5,125484,326,357,512,P,,,,,,
neurotech_uareu,013_5_5.tif,6fe26ffcf21dddf14ad4718a94ecf93c62ef95a2956c5b52c838eed3533f5678,126612,326,357,512,P,,,,,,
neurotech_uareu,013_5_6.tif,8f7b51f3c1aa14ced23d1170628bbb843a33de2f6c0906645434277cbb68645f,124062,326,357,512,P,,,,,,
neurotech_uareu,013_5_7.tif,2320f3393a5e18af736e9d2597103a1a36b15abb855f78ac0ddfb3c977aad5bc,121416,326,357,512,P,,,,,,
neurotech_uareu,013_5_8.tif,f830617d237ebbfbda902f6dbc4baa4f8fe854195295d753666c086611456fd3,127100,326,357,512,P,,,,,,
neurotech_uareu,013_6_1.tif,206dea02369ba679c87e9c57503695c9f49d282de04686f05da127f51fd16db6,122598,326,357,512,P,,,,,,
neurotech_uareu,013_6_2.tif,5f2a7240c5e545e47a56606bb1f2d14e4282c213c21cdb0363e5b7eb6512f713,124228,326,357,512,P,,,,,,
neurotech_uareu,013_6_3.tif,982789f9ced4b394e588e09c7b24849c71de76b5620e0260cb3dd12b7b1917a5,124158,326,357,512,P,,,,,,
neurotech_uareu,013_6_4.tif,fce6403084375102353ced067b817c544f8fd9a9c261ca7dfc780c36c18a7d82,123426,326,357,512,P,,,,,,
neurotech_uareu,013_6_5.tif,5d308ca89368232408a2c4bf0e1759a10b008afcf61023ac1ec1455a00227a2f,125978,326,357,512,P,,,,,,
neurotech_uareu,013_6_6.tif,a469c7971e2c2e0c31d17a6e0abc5e11f2138f75d3066c9a7750b3d460364275,126006,326,357,512,P,,,,,,
neurotech_uareu,013_6_7.tif,ee69c9601516b4fa090daea818b02696b0a8c6ddfce3c4795cc9f34ddaee7707,124808,326,357,512,P,,,,,,
neurotech_uareu,013_6_8.tif,82c9fb2708e8e1a8776c95b842ae7180c68e3165d403bd5bd071596fdbeb9997,125338,326,357,512,P,,,,,,
neurotech_uareu,013_7_1.tif,4dd69bf075bfd66aa64f22ba93282faaebcc862265920f97391151f3fa5e38c8,124632,326,357,512,P,,,,,,
neurotech_uareu,013_7_2.tif,65e8edc6d2d3cf96c6dda090d2e4888cb12cad2d41f64ff195d6f705ff962046,124002,326,357,512,P,,,,,,
neurotech_uareu,013_7_3.tif,7dbaf4be4cf283836b981ea6ebe112ad0ad4bd136bd4f57be727e3dfa115e28a,123678,326,357,512,P,,,,,,
neurotech_uareu,013_7_4.tif,46e4c25a10704f91ed715fbd5a8d6431a4bba23152af84521d06e9e73bec7603,123646,326,357,512,P,,,,,,
neurotech_uareu,013_7_5.tif,ad814e4657eae66c59622e39703788705596f4919c203af4ee4c8741b18447f3,119294,326,357,512,P,,,,,,
neurotech_uareu,013_7_6.tif,a37c58a8c9c78ef3c3fb60a97d57d206c13ce0b24ad3eb798c1a3851668b9c45,117198,326,357,512,P,,,,,,
neurotech_uareu,013_7_7.tif,23e589f3bbaa74628ac712a29ab43f47a5b865243a82d0a5a6e0fcfee4b3458f,124066,326,357,512,P,,,,,,
neurotech_uareu,013_7_8.tif,1c036a1fcbd00ac4aa88e82b52a0a8f32b1415b2810b06b94f3d7558a7c1523a,122696,326,357,512,P,,,,,,
neurotech_uareu,013_8_1.tif,b6615312eb6f0bb0ee174b60f685725ad616f08fe9e71eee2d6bab3a7b4afa77,123016,326,357,512,P,,,,,,
neurotech_uareu,013_8_2.tif,b97e6710327172e81df2457959add71c3f6fbb97e9b989a6f1aab79a72b347e6,124218,326,357,512,P,,,,,,
neurotech_uareu,013_8_3.tif,46342feeb66617e15d9a73b782945fcd1564dd62e71cf7852f725bd1a5909294,123158,326,357,512,P,,,,,,
neurotech_uareu,013_8_4.tif,13ac1c20ab42d5ff8f2e2e993ff51ef2fdae5d65f67d733610463718503749f8,125220,326,357,512,P,,,,,,
neurotech_uareu,013_8_5.tif,2a7820a7dd72bd1a291302e37b328feaa52b7ad6b5c3786f55fc9026fc49c895,120554,326,357,512,P,,,,,,
neurotech_uareu,013_8_6.tif,a8ab21edd99467bc41317555037a143052dd2a806e7e7eeb81ecd078407a660d,123118,326,357,512,P,,,,,,
neurotech_uareu,013_8_7.tif,3d8fe7ae49d2a3780006ef63afdd064f55c0becc24a1d6fe3c3b08d3fbd37ac2,125346,326,357,512,P,,,,,,
neurotech_uareu,013_8_8.tif,62af61bb99a3adb1cdd7fe77ef618b618cf0c7999d3775c1ec992c7baf0c37ab,122058,326,357,512,P,,,,,,
neurotech_uareu,013_9_1.tif,3e167357e53a48b289c22a785edfe5d9cc142a40ba75a29947db921409bf8d57,125800,326,357,512,P,,,,,,
neurotech_uareu,013_9_2.tif,1c28c289f24f66707ea148c4ec9d63a2f98508b55b556cf4c8214db1dfd36ee0,124886,326,357,512,P,,,,,,
neurotech_uareu,013_9_3.tif,0a429d1d15deda6dc52ba8f8b62c0ea22f4ce5c36a84bbd9cf1d9d6d7efc4735,122858,326,357,512,P,,,,,,
neurotech_uareu,013_9_4.tif,171aa302489dd7d84dea7b8400eaf71535703b7506211af2ae8d73de79136df1,125554,326,357,512,P,,,,,,
neurotech_uareu,013_9_5.tif,5fd55b54c695712ec943ded482a2639ec0d66a9c7739672f9acf47174adfe580,124832,326,357,512,P,,,,,,
neurotech_uareu,013_9_6.tif,18bfcc7f778ffe4449e396048267b13ca53730e610833fb4eb0c16798b6490b1,122004,326,357,512,P,,,,,,
neurotech_uareu,013_9_7.tif,9ce28645d8a1e0b77331ce30dd47985280f077cc5cf9c9d21708d5bab1509d89,126586,326,357,512,P,,,,,,
neurotech_uareu,013_9_8.tif,6fc8ecac826e4f52b075849adeba326d5734d52cf7ebbcc7adb72b9d94e660c9,118258,326,357,512,P,,,,,,
neurotech_uareu,017_10_1.tif,1dbb4a00eb747194e89fecd95340dc8adbe63dfba5efe5e50b2d004a0c71bec2,117948,326,357,512,P,,,,,,
neurotech_uareu,017_10_2.tif,50e6d1da16dc78db725f6163349be144b0136e0e7ed73f2403aa7daab1f6f887,106170,326,357,512,P,,,,,,
neurotech_uareu,017_10_3.tif,5e4f98f347f25b968ad2f45a5594a019e2fce19b4ad9b41c270e787806076cbc,115606,326,357,512,P,,,,,,
neurotech_uareu,017_10_4.tif,469e6abb352c086c7008ddbace34ee6eda954b6c8f976fb24a902620833cc505,117260,326,357,512,P,,,,,,
neurotech_uareu,017_10_5.tif,012accf4c0581ba7d4ddeb3a307ab20a07aff97a035eced665a26c7b5aee89e4,115736,326,357,512,P,,,,,,
neurotech_uareu,017_10_6.tif,d94c834b9bea7feda90058b43b313af163de4495dc65d09fc25336a604fba837,118710,326,357,512,P,,,,,,
neurotech_uareu,017_10_7.tif,5aae7946daf733a350df8ef111d669313d0b8f209d4c48dcde83b8eb1ab822fb,116342,326,357,512,P,,,,,,
neurotech_uareu,017_10_8.tif,b3ebe0a4baddb2fd07099f6f36ddcaf6e7aa0619e87289532bb19c021aa2e1d1,117986,326,357,512,P,,,,,,
neurotech_uareu,017_1_1.tif,8dde62642ca58e8fc813dc23cd4d962f101b0ccfb07dff1091174a7f64eb885e,105920,326,357,512,P,,,,,,
neurotech_uareu,017_1_2.tif,5a95eec7e43d1c73d23fa268f5c9faac92465cbd9fe55a9366e4f6a5e0edc940,110998,326,357,512,P,,,,,,
neurotech_uareu,017_1_3.tif,4beedf2103f2d817d2b7211f1bbc93cf78bf132296f3631c105ca452f12b1fcd,112500,326,357,512,P,,,,,,
neurotech_uareu,017_1_4.tif,921bfb5babf9c0dbf19b8435c1f9ba0f07de59e5dc5b82ca1791464bee892797,110620,326,357,512,P,,,,,,
neurotech_uareu,017_1_5.tif,a9eb6c55c314ddf001b0ad876ed9ca6c183f5d333fc952f6c4466da03c69b255,110554,326,357,512,P,,,,,,
neurotech_uareu,017_1_6.tif,325b92a8ef33efb17a543035939cea835545d5e84cc585a6f6cab950b50b3467,106172,326,357,512,P,,,,,,
neurotech_uareu,017_1_7.tif,e6a9d938c54bc60a984940ce167a5e710a379180faf881887dc8c3161855a16a,104778,326,357,512,P,,,,,,
neurotech_uareu,017_1_8.tif,8e1337659f453405569e1be0258e7a17a33f845c81bf4dbe2e7c5006bdffad74,118014,326,357,512,P,,,,,,
neurotech_uareu,017_2_1.tif,ed71c51a5f5b5d62710ce8d9a2f0360056d10fe6794b61bf53e8aef803d2b441,112544,326,357,512,P,,,,,,
neurotech_uareu,017_2_2.tif,9d31bc6a57d49d2a9c10972c959ba6a1f686586732840be5e1a72a67be4fe5a3,110586,326,357,512,P,,,,,,
neurotech_uareu,017_2_3.tif,c43da54da7f332915d9031461aadd2bf3c384952730052d9b951cf4f5c50e9dd,118614,326,357,512,P,,,,,,
neurotech_uareu,017_2_4.tif,77a529376d718ae59198492264864e21a3e212dd361d93ce1aaf6b54f6ee5f3e,113228,326,357,512,P,,,,,,
neurotech_uareu,017_2_5.tif,0361f95278f0a98c73645361380c85da2a650472e342d069f8a59744b68530d7,117012,326,357,512,P,,,,,,
neurotech_uareu,017_2_6.tif,f433930c6e0754184a5b95b63973c849f9e3bebfff1171201243781cb5073a24,117148,326,357,512,P,,,,,,
neurotech_uareu,017_2_7.tif,7412483a5f41bb55a59b9feaebae861e6463d7c778f7c529a54d7be3e82c437b,119202,326,357,512,P,,,,,,
neurotech_uareu,017_2_8.tif,ca287eaeb74741a7f2d94024bf3ee76bc00804139a0b024bbfe86eedfdb04746,116336,326,357,512,P,,,,,,
neurotech_uareu,017_3_1.tif,df88e4ca6b63a68c0c35e4d1e4d02ecdd4744c2009e03066ec3407b22249083a,118874,326,357,512,P,,,,,,
neurotech_uareu,017_3_2.tif,65e8b00ae984b55e9b7fd64d78c6b00f6103efda54e41481142e18b01ea6772d,112652,326,357,512,P,,,,,,
neurotech_uareu,017_3_3.tif,4f0915b3dabacd0996dc7f3292d4b6964209d819fe4954dfa8d838dc217cc9de,117946,326,357,512,P,,,,,,
neurotech_uareu,017_3_4.tif,8115310a1531261b597b6861329709758ad3d54a9a82b90f41935c90854508db,118130,326,357,512,P,,,,,,
neurotech_uareu,017_3_5.tif,62ecaa0856a9b65de84befdb34d9f4bc2534fdd524c9e1b6c7edff3ce3b69598,118418,326,357,512,P,,,,,,
neurotech_uareu,017_3_6.tif,f1a1923d83d13f863efd89d74925e0c3a74bc36ed50b0a1fc510f1660c1b85e9,118974,326,357,512,P,,,,,,
neurotech_uareu,017_3_7.tif,4f89182dd6b4f0888b76879bb8bd1b59e3255019c59c339653da3ba65cc788bc,117718,326,357,512,P,,,,,,
neurotech_uareu,017_3_8.tif,8159246083b587ba7a584995141be1a3e88130d6354d2bacbbf35bfa13fd4d67,117028,326,357,512,P,,,,,,
neurotech_uareu,017_4_1.tif,7df57279c8d05fd0c42069c2fa541bb2ae81175415da8d39cae3791d891c56e8,115780,326,357,512,P,,,,,,
neurotech_uareu,017_4_2.tif,e15fe3a25265d66ea1e932fa47a20ed221faa0a59a4bda752460a5d69d6b21c2,119554,326,357,512,P,,,,,,
neurotech_uareu,017_4_3.tif,955f118d62b8d6cc2196abf980afad9314fa1bac50a4162c6c46bea760917f20,118930,326,357,512,P,,,,,,
neurotech_uareu,017_4_4.tif,8129dd58d85ac23cec039f83514e71a872fbd1fbb904428f63c83dc46bda0644,119494,326,357,512,P,,,,,,
neurotech_uareu,017_4_5.tif,1d8a9814e76fe6b554730a0005777445417a458593a34aa5b61872c4a532daad,119130,326,357,512,P,,,,,,
neurotech_uareu,017_4_6.tif,8854c1241f9c1e93675317d62e8d4b0b8d90c92cad604d5259d8c8b507ff58a0,120562,326,357,512,P,,,,,,
neurotech_uareu,017_4_7.tif,3817a9f14bf9d6ac151fd16ec5e79c5a2268bdca1d9042c6971d8370e4ad580b,122426,326,357,512,P,,,,,,
neurotech_uareu,017_4_8.tif,567f98d85bf46646300a1d87fde265f62aa3a1af2ecf22d6d6fa6ad109c8f63a,117202,326,357,512,P,,,,,,
neurotech_uareu,017_5_1.tif,d67471164c119de6470535c9a0f6e5a38d48d97c5abf20bbf9079cff20f22e51,124744,326,357,512,P,,,,,,
neurotech_uareu,017_5_2.tif,272184e13c5eee84a70a8b3a5bc9af342fd7cbfb7b47f109522501daeafecb0a,122160,326,357,512,P,,,,,,
neurotech_uareu,017_5_3.tif,5ae1466c15599eb2ed2d180c673dce7d3a825488662347f5ae8bbdf1297afc95,125058,326,357,512,P,,,,,,
neurotech_uareu,017_5_4.tif,c66ae328bcc55e6f85ba15a66170ec978d37dfdcf6bec3d2d561db122bbd4732,128350,326,357,512,P,,,,,,
neurotech_uareu,017_5_5.tif,dd899417ae8d0fbb31b18d6abe523fac74d0906aba412f60a174466ff4d9701a,124614,326,357,512,P,,,,,,
neurotech_uareu,017_5_6.tif,80c8270c96c33eb8771f8a4480cf3db98f5769a262fb3874fb3087e58e3a3367,127588,326,357,512,P,,,,,,
neurotech_uareu,017_5_7.tif,19b1576352969356e972140538d9fa0b958b6358dd41f522bf85c0a6ac494e3e,127656,326,357,512,P,,,,,,
neurotech_uareu,017_5_8.tif,3181dc95d452ae0874e070323d6ae1a5dbc28a5788755095703bc8a688795239,126636,326,357,512,P,,,,,,
neurotech_uareu,017_6_1.tif,0c405493bfe681ae9f8a0485d761f73dcefcc4cc503385c4f874f7493641598c,126636,326,357,512,P,,,,,,
neurotech_uareu,017_6_2.tif,fe29dc21671f9534590d5fc2db98ac33f1fcddb408d822b2d848cb8763416c07,127790,326,357,512,P,,,,,,
neurotech_uareu,017_6_3.tif,e3cb11eb6e905916e557f4cc26ec4a86c599cf7c26af33df5aec0aa43188415c,120978,326,357,512,P,,,,,,
neurotech_uareu,017_6_4.tif,b22bfa19b6925b4802a3f3a76d6ca8aa0d8e999fffab3306b65733cb45c9663c,127312,326,357,512,P,,,,,,
neurotech_uareu,017_6_5.tif,50bc59222b8362fb1b83ae685f9c9138c45db388f2b742858959ea946ef3ef1d,127470,326,357,512,P,,,,,,
neurotech_uareu,017_6_6.tif,a8b619eab6b1a9539dd28664c055261b8491579d3c185df032bc1137676e2c63,129218,326,357,512,P,,,,,,
neurotech_uareu,017_6_7.tif,a5b4ec98261c3ec760d07d7d10e1e2114cee54fef5a15199c2b7f6336cfcb6cd,127122,326,357,512,P,,,,,,
neurotech_uareu,017_6_8.tif,84436ca3049f39fe450480d2280370011cec004a48f537c58b30c8d8b2393263,128164,326,357,512,P,,,,,,
neurotech_uareu,017_7_1.tif,99fa78856411d731b4e12e579913d37f13217710b2cc781dc68e36d86e629ad8,113906,326,357,512,P,,,,,,
neurotech_uareu,017_7_2.tif,edfc634135f516ca46e137ebe2796e57e49acf35af6eb1a7b4180c0ecb27459b,118708,326,357,512,P,,,,,,
neurotech_uareu,017_7_3.tif,5fbd926a95b1d366d77ed158b82659ad5ce7e0302f80d364e05049c691e622cf,119326,326,357,512,P,,,,,,
neurotech_uareu,017_7_4.tif,2fb887353c5d6fd68ddd4754dac777879d58b9f2d69008fd31da7357dae2f19c,119640,326,357,512,P,,,,,,
neurotech_uareu,017_7_5.tif,dfdcfb9ee77c73e71941c8516c0c08f00dc65cdb2944219b08f97218dcecc0ba,117868,326,357,512,P,,,,,,
neurotech_uareu,017_7_6.tif,d208d7e67a8400ea3a3a01f06c101105d4314953904a5af4474a00f5ee77f825,118500,326,357,512,P,,,,,,
neurotech_uareu,017_7_7.tif,1e842ce9166c55fdea72140f523ccd3e1da3a63a9ec9686fb9f923492fbf4b17,119114,326,357,512,P,,,,,,
neurotech_uareu,017_7_8.tif,791b27bcfefaa66e0232ba964c8f62816bdd85e9f31eedfa70244d2b43007711,121560,326,357,512,P,,,,,,
neurotech_uareu,017_8_1.tif,a9235b3174be9a27be35dd64006296557f9aa65bb16eba83b3de1f2196707cb3,109842,326,357,512,P,,,,,,
neurotech_uareu,017_8_2.tif,8ba734df85954262d88dd52915b27d6eec2ed5b66505fe9282a1fcc03649651e,118416,326,357,512,P,,,,,,
neurotech_uareu,017_8_3.tif,35209b29e541f726ba5168601f6b6d6fdae2270396cdfc6eb56c6c396f147a16,119336,326,357,512,P,,,,,,
neurotech_uareu,017_8_4.tif,90e36cf5a1e80ad9a4ed0816e1344dbcc753356c73fd585d5d2b8bc1fbc8149f,120494,326,357,512,P,,,,,,
neurotech_uareu,017_8_5.tif,18a1e983d744707018da33e9d01ee1eaf0ddf1d2d7ea17ad7f1893813f3762aa,120030,326,357,512,P,,,,,,
neurotech_uareu,017_8_6.tif,66826d6a67c0112386405554fe2c3cc2f993ae02a89bb7a32d7438056edf12c0,120422,326,357,512,P,,,,,,
neurotech_uareu,017_8_7.tif,7621914e738c75cb3250e1bc4c867cf27afb58bdb725095b73a6cf70f1ee2378,117706,326,357,512,P,,,,,,
neurotech_uareu,017_8_8.tif,3ad02ed7671d47c23356f7f58579fe619d6e5d6070e5a1d351b785e0ae7bd944,120868,326,357,512,P,,,,,,
neurotech_uareu,017_9_1.tif,17bc9cf333629a5b25d86702c74dd0b4c2d8433eb0c70d2580c4898809e13ce0,110298,326,357,512,P,,,,,,
neurotech_uareu,017_9_2.tif,9bd5d7a467ac34892846cf08e08e5db8487bdde3527b6fe999b1a7c8cdea4393,115592,326,357,512,P,,,,,,
neurotech_uareu,017_9_3.tif,6fafb8116aa933acfd09b58e44c0b8494a25980a32977ce21411b9b6a812d051,116664,326,357,512,P,,,,,,
neurotech_uareu,017_9_4.tif,4a259bcc4ed7b5849bf74834a1d01a948340137ad1fbbc92b2562119d728821d,112582,326,357,512,P,,,,,,
neurotech_uareu,017_9_5.tif,dffca1e3e66c86f6e34244ca1885082cd06f88f4a19c68e71de83f4fd5dbb3db,110728,326,357,512,P,,,,,,
neurotech_uareu,017_9_6.tif,8f071005f5b49dba567d246be44d41f7d2fa894a7316105e40b8df22f73429ce,114528,326,357,512,P,,,,,,
neurotech_uareu,017_9_7.tif,dd918ae8800fa655c7cdca3034f9a93c232fd26e245654e52dbba2071f0c2c6e,117402,326,357,512,P,,,,,,
neurotech_uareu,017_9_8.tif,bc7b034a8b2341acc924bf6d2ad6e0a11ace36dcb8ed7e43ebfb419b7ff8b288,119770,326,357,512,P,,,,,,
neurotech_uareu,022_10_1.tif,9df8a53d791a123ef858c10aa8dc94f6a1d46823f079fd9fd13606736250fe5f,109166,326,357,512,P,,,,,,
neurotech_uareu,022_10_2.tif,e2649053ea801ef78f54487954306205db8edcb15abd6a2b2097b5e1f8a27f75,109796,326,357,512,P,,,,,,
neurotech_uareu,022_10_3.tif,e2286a148f8fb6d635f950a386e38d3386bb376819dc5aec4582b7fa009e7917,104738,326,357,512,P,,,,,,
neurotech_uareu,022_10_4.tif,5690edd9f02fbd98786d33b7c8d29eb8f788c62e921a6c588dc5f585652234bc,107146,326,357,512,P,,,,,,
neurotech_uareu,022_10_5.tif,d40035d846c81141b93029108f45bac2b037becdd3c2ad39018f8f39ddd2517a,112956,326,357,512,P,,,,,,
neurotech_uareu,022_10_6.tif,466d2cf6a921724ec777deca58e46cea870c632bcb2d58e82a5377d9f2e6e3b9,110470,326,357,512,P,,,,,,
neurotech_uareu,022_10_7.tif,28bc45eb55ce142b06c8aba7838749e83b6ea68245b86f2261f6efe1d4e09a6e,110918,326,357,512,P,,,,,,
neurotech_uareu,022_10_8.tif,108eafa66ae5e3ce41eee3972a1b41f7579ef2d17ea2555f77c6000276f7dd02,110112,326,357,512,P,,,,,,
neurotech_uareu,022_1_1.tif,8f768b0cf6a866331292000bf8d2438b6db22c77ab899f30db68ca435ef8b891,111760,326,357,512,P,,,,,,
neurotech_uareu,022_1_2.tif,3c48a24d386244f5d28a4d2161533cf65828c706cbb79e91e9e2cb2b0805e6b0,113788,326,357,512,P,,,,,,
neurotech_uareu,022_1_3.tif,315d72cb2d05d83ab6b3db905ec200a53003038dc54213f88139f2f773ac99ca,111980,326,357,512,P,,,,,,
neurotech_uareu,022_1_4.tif,05d66904cf0dab04654f726c0bcbb35431a9df5b4bd9ca4cf3409bf8afb1c2d0,115846,326,357,512,P,,,,,,
neurotech_uareu,022_1_5.tif,c31751e0c6b5a3ef57e9c7d0d1e3502ba8613a0f47d83587d61a7daf00c2b1ef,117070,326,357,512,P,,,,,,
neurotech_uareu,022_1_6.tif,4222f435d2dfe8a287131cedd6ff8efa86f3b9ad93d94075c8680e1972b92545,113310,326,357,512,P,,,,,,
neurotech_uareu,022_1_7.tif,9f52f25745a6fedc0a51b0e0a1e9651f72ca4af6d746740321e71f6119353915,111158,326,357,512,P,,,,,,
neurotech_uareu,022_1_8.tif,45fce28936862b42d072eae260a0879be87e58a1fcf3153d4e916737cab88449,115680,326,357,512,P,,,,,,
neurotech_uareu,022_2_1.tif,613ee9fa08ad938c405642939ac55ea7a74af9ba593bbc065383cb1c4e0a0888,119272,326,357,512,P,,,,,,
neurotech_uareu,022_2_2.tif,b980e2cec26d7280add5cac36adbbdab51f5588e275df4f03311dd757e45e5ec,116190,326,357,512,P,,,,,,
neurotech_uareu,022_2_3.tif,0966b1a3a8586d950df041d504799c32ba618fa3901f1a637e314e9b6de533d2,119034,326,357,512,P,,,,,,
neurotech_uareu,022_2_4.tif,c79519fc0b173bd091c448c6ed64d42fff30e579f7c9c0d65afa885c7ad72c14,118364,326,357,512,P,,,,,,
neurotech_uareu,022_2_5.tif,b98f3be534dab6e5f2481dade4786a02be619cac0cf0fb6e61538fc3c22778f5,119776,326,357,512,P,,,,,,
neurotech_uareu,022_2_6.tif,033e5bebb7053fc32e7cd46bc9fff9ccb7e29637761e807b8542615effba18f5,120832,326,357,512,P,,,,,,
neurotech_uareu,022_2_7.tif,0b5232c8b54e6763cc26b0ab2f1cc78345dd37b97bbbe1edf1b523c440b4dfbe,120434,326,357,512,P,,,,,,
neurotech_uareu,022_2_8.tif,0f2419966c8ae9c553a227ed4859414fed54fbfd67e82350801b5f565f304845,121376,326,357,512,P,,,,,,
neurotech_uareu,022_3_1.tif,b133d5d0f31ecafaac4d4747ec3e3e3c52f62de8204dbad2ba3b3f9feb4da6fb,117390,326,357,512,P,,,,,,
neurotech_uareu,022_3_2.tif,9d82cec8f6d629bdf5fca7ce66df762dac4f2346c7221c45e1133fc974513c07,117778,326,357,512,P,,,,,,
neurotech_uareu,022_3_3.tif,ec2fe19b7b46dc396190db5a0184b4e76ece4dbd51ec7d02db91651e9aa594cf,115672,326,357,512,P,,,,,,
neurotech_uareu,022_3_4.tif,4f0dc75cfb6d52b355dd0486a0565296a83b24d36d725f8eca1374a8eb0b33a2,117338,326,357,512,P,,,,,,
neurotech_uareu,022_3_5.tif,2f099ddb7c5a1c354cb5eb793b38805e428a8769367fe9176d0a2dab0c0d3f43,115812,326,357,512,P,,,,,,
neurotech_uareu,022_3_6.tif,27682b3e1fe166dbc661dd7cec14b914c5e86dbc02542361bda0a4d929a0dd3f,114212,326,357,512,P,,,,,,
neurotech_uareu,022_3_7.tif,16f21e76b9407c8033c930d59e51ef1cc1203ced134b60ed1244eef9000964bb,118520,326,357,512,P,,,,,,
neurotech_uareu,022_3_8.tif,086f186965506b5891bf148269bb2333ff72f89410f4f3f8a96fb639b2f26778,119784,326,357,512,P,,,,,,
neurotech_uareu,022_4_1.tif,f31cb6411507319a8f5e811bdb512b12d1f2d45fd658168767fd9c996e0901e5,122666,326,357,512,P,,,,,,
neurotech_uareu,022_4_2.tif,2b83c1c01c650d215298ea34f915d95bbd40735fa3d0f2d09a8e34324a51d02d,119202,326,357,512,P,,,,,,
neurotech_uareu,022_4_3.tif,6e19513e8a35f6816dd29379c89b081ef9b6d5e708acd6080569e199448000d2,117338,326,357,512,P,,,,,,
neurotech_uareu,022_4_4.tif,7848f74bdfb666ad7722b49fd349ff338259018ff0c079173f9b10bfcff1afa7,115368,326,357,512,P,,,,,,
neurotech_uareu,022_4_5.tif,e6f7418022cb05a4db1e97a5bf79bea5b0d440aceac36ef89f249ba48f6e622b,113308,326,357,512,P,,,,,,
neurotech_uareu,022_4_6.tif,5761f610ad5f5b52e4998c7a067b74100553b47e1d4dfecd62364cf4d15928f4,118978,326,357,512,P,,,,,,
neurotech_uareu,022_4_7.tif,28b11fa4c86ee3e159bf9d78a0b1a94fadeaedc3b98c3c03c56fa74ba1b15f79,115614,326,357,512,P,,,,,,
neurotech_uareu,022_4_8.tif,62b349b207e35867cf085e9258f806434fa4bceea4bba807bfd8ebaa86d2d237,117426,326,357,512,P,,,,,,
neurotech_uareu,022_5_1.tif,262f5198039a8ddd5ef5c8f20917ff0f19acc15656ab5419d27ccfc3738fe731,126696,326,357,512,P,,,,,,
neurotech_uareu,022_5_2.tif,bb42d46ea8b9027ae886b458bf5e2a8c77ce521e7c164a28188a2d0b819c2ea1,127670,326,357,512,P,,,,,,
neurotech_uareu,022_5_3.tif,18845c70dea7ccfba02b41ba5cb3b3503829b947f8bf9bdbd776809682669e3c,125620,326,357,512,P,,,,,,
neurotech_uareu,022_5_4.tif,fc67cb1a249da46b60ae5d8796d0e59da00f5f85001f6912f16dd349e3818d25,124080,326,357,512,P,,,,,,
neurotech_uareu,022_5_5.tif,a5ddb70acb57b6dce420ace064f5aa6b14ee38561ad311a05da1b036dc5b0deb,123116,326,357,512,P,,,,,,
neurotech_uareu,022_5_6.tif,36c96c4df6a5d93c8d2c1860e6cbe3377f8a5f4274a2450230893c70d4fcda41,125968,326,357,512,P,,,,,,
neurotech_uareu,022_5_7.tif,d253cf50549badd6b1d61a599a7dab7d3a269342327856a1582a2be0351f6559,126338,326,357,512,P,,,,,,
neurotech_uareu,022_5_8.tif,a22c5096e9d9412132701f5d23b4eda58af2acc618bf666c0cba15a12f7af38f,125252,326,357,512,P,,,,,,
neurotech_uareu,022_6_1.tif,40679908bc45257623dbd3e461080934ba42e672b62ae2b564bc8f5721f2cf5e,122366,326,357,512,P,,,,,,
neurotech_uareu,022_6_2.tif,98bfc67e0312e26c28e674189862b0b59bfd55724a2eb86207de53a137bc4696,125328,326,357,512,P,,,,,,
neurotech_uareu,022_6_3.tif,eee37bb37769139b2dc87fa4555e8db19ef0dfb50ccf7643ef395d95246b6cad,127462,326,357,512,P,,,,,,
neurotech_uareu,022_6_4.tif,8e73b16ddbb205e8640a2a142ac8ced05252c7d9fe2520d240aba190c1c60eea,123850,326,357,512,P,,,,,,
neurotech_uareu,022_6_5.tif,16bcab9d8f9b108f3d53b9d369d9158cb84b3b4c707be7ccd68014a9e3f9a325,120042,326,357,512,P,,,,,,
neurotech_uareu,022_6_6.tif,9842de39f689374ad8264ccf3c8bfbbcb061104c55241305a549d42c3cd1e5d6,124234,326,357,512,P,,,,,,
neurotech_uareu,022_6_7.tif,88c0b913bfe10cb0fc276ceb410d027c15ee3c9cef9da372486dd5d7cf377273,122042,326,357,512,P,,,,,,
neurotech_uareu,022_6_8.tif,a473782a51b64d64ab6bb98c15f9ccbf7c0731221280b802732526afccc088fa,123550,326,357,512,P,,,,,,
neurotech_uareu,022_7_1.tif,c31851c3a9140527e753f88b82d857de40eed148be7422e27b1192d6eb7d1abc,110412,326,357,512,P,,,,,,
neurotech_uareu,022_7_2.tif,5fd9dd40f6141e6768bb7d42d4758d0e8cc707dc1da397246297fde1c2dcfa79,118454,326,357,512,P,,,,,,
neurotech_uareu,022_7_3.tif,57dacf51dd461f95fbd78259e781b9911478c2a6a79953db7a4f5f39f3fecc0c,118470,326,357,512,P,,,,,,
neurotech_uareu,022_7_4.tif,05b69af37f7e401e38a2bc5bd984b5f85ec0031ff28cd8c3e71f5f7573770a69,111424,326,357,512,P,,,,,,
neurotech_uareu,022_7_5.tif,e792a97b6b54992ee5a2c0cbf0aa637f2d83f808dfe021655c4caa30a8542a5f,117054,326,357,512,P,,,,,,
neurotech_uareu,022_7_6.tif,b3acc3047349d00c05bd6758196a7fef8898869bf995b5ced195b6ad528c58e4,120068,326,357,512,P,,,,,,
neurotech_uareu,022_7_7.tif,84efe7b16fb1b9efde9e08911dcaec011d1fae358e41f21519cce397d5c0c150,118050,326,357,512,P,,,,,,
neurotech_uareu,022_7_8.tif,2960b5d83a14244613b81c0a10d95b1114c008f011775d9915b1e7ed53ee7138,117454,326,357,512,P,,,,,,
neurotech_uareu,022_8_1.tif,31be1dbde8e256b78de20c178d333c1d1d455daac47dcd8dcd7a66c76f7e1ef5,116358,326,357,512,P,,,,,,
neurotech_uareu,022_8_2.tif,fae754f152b1f3cd7e7502fcad69c488b177649df8e1759ea102aed0c2c00aa5,113014,326,357,512,P,,,,,,
neurotech_uareu,022_8_3.tif,1a9699c9f557ab487b58f6f2cb6255f56aa3e3f89d147f603a12bd87d7a4bc91,119152,326,357,512,P,,,,,,
neurotech_uareu,022_8_4.tif,10b09aa0eb2cd9ef55c8225367e5ea146262538fbcc1cb639e636d839f645c07,118876,326,357,512,P,,,,,,
neurotech_uareu,022_8_5.tif,344d68dc1618e2532b26b9a19c59c5ab0b34b3b7f128d3b8c14b3247ce020203,117868,326,357,512,P,,,,,,
neurotech_uareu,022_8_6.tif,9f17d60bc84767b273a2eb90bbc02658199cab1f3fda9450b2759f6ff0b2329d,114152,326,357,512,P,,,,,,
neurotech_uareu,022_8_7.tif,4d4269d44b234b6d5630187d93a00c5dec5c394635e6cf2c53c5570145984719,118278,326,357,512,P,,,,,,
neurotech_uareu,022_8_8.tif,a8dc07c9f919f5af04568b0802fccbff955aa1c72015cfbaac60096b3d3cce56,116790,326,357,512,P,,,,,,
neurotech_uareu,022_9_1.tif,72fb53a520cc6371fdaada155eddc48ea1a406a846c84eca05f02610af2f453a,116174,326,357,512,P,,,,,,
neurotech_uareu,022_9_2.tif,3d560ae9cb58596c2f47e61e83f79fb14e1fd96cc9337f661882b1a6133e1989,114004,326,357,512,P,,,,,,
neurotech_uareu,022_9_3.tif,7670be82dd3902264c817e7da180e58419cad68d827daa1949c56b1840dd7a74,118406,326,357,512,P,,,,,,
neurotech_uareu,022_9_4.tif,6862be4dcb0ea3468f4f3fdf0a3ac8817c35ff450a888d97aa75554deafc3fa9,116394,326,357,512,P,,,,,,
neurotech_uareu,022_9_5.tif,5b267ea8deac1aae96943cf9f88c4b79968b76ab810133ffedb6708310d6b5f8,116940,326,357,512,P,,,,,,
neurotech_uareu,022_9_6.tif,f7c44ca1f1abd964f8683770e32cf7827362db4f2632bd7819a76d93886b4ac1,114096,326,357,512,P,,,,,,
neurotech_uareu,022_9_7.tif,5a08ab6bc6809143478152cc76735480e1c207d8ac19375ad30d27d4b551530c,116286,326,357,512,P,,,,,,
neurotech_uareu,022_9_8.tif,f082f861d9831f228acae52f0f8097b9c280cd22d3bbeaa9657feb7b35648b89,115820,326,357,512,P,,,,,,
neurotech_uareu,027_10_1.tif,1f6ce9587eb698a3de0ffba5b604b6c0035fea914458b8c584bc8b3265e7e27b,118230,326,357,512,P,,,,,,
neurotech_uareu,027_10_2.tif,d6f8afebf269bc214b6af476dcbfb57593db4bb1b00d97cbe00bc59b4e495587,115522,326,357,512,P,,,,,,
neurotech_uareu,027_10_3.tif,f17cd6d748397ec5eefbb9797d123a43c9dc025e214687b6c18a8598f2fb6fde,116092,326,357,512,P,,,,,,
neurotech_uareu,027_10_4.tif,4451a731e1b1552638ed4bf54acaa748872389976b6e4a09bc058daabc16cf79,114820,326,357,512,P,,,,,,
neurotech_uareu,027_10_5.tif,a8d094f03329a4e1ecd24436fff6ec45437d9c1ad67e20f5a1e0b8c6278b51ee,117850,326,357,512,P,,,,,,
neurotech_uareu,027_10_6.tif,ae5455b5340a5a44ece37d2e0ddc54ee350063f2840cd0fe13235af19d06bd7a,116516,326,357,512,P,,,,,,
neurotech_uareu,027_10_7.tif,dac46539155ffcdd80becf6c7417b89ec03516df75429831d92cb427b0d63e87,119510,326,357,512,P,,,,,,
neurotech_uareu,027_10_8.tif,b14f89e62a5139816906cd6396ae41bbdaa2872fcf5e63eae10f3434cf906049,121100,326,357,512,P,,,,,,
neurotech_uareu,027_1_1.tif,19bf83aff45308923241ab6374aa78e9ea893403a7b39dc87e8e4dfac20f7da9,112822,326,357,512,P,,,,,,
neurotech_uareu,027_1_2.tif,2bab2de141179d004664fd30b3f318e980ae1908729f6ca46d78290148927d56,115984,326,357,512,P,,,,,,
neurotech_uareu,027_1_3.tif,3fb56bd578afb1532734ccad22a02642ee342dbc2e67c0879f7fcd4a6e45232d,113206,326,357,512,P,,,,,,
neurotech_uareu,027_1_4.tif,5f1f983aeb9a35379b1adf791b79fc06af2fcc79bcec77e46cd528f66b9ea68b,114276,326,357,512,P,,,,,,
neurotech_uareu,027_1_5.tif,54350f85cbe20f38b42b7a1da058e5f81e0850da6db8bcd7ad1796ccf215df6b,115514,326,357,512,P,,,,,,
neurotech_uareu,027_1_6.tif,42fc59afc52074846483feca9c6f969888d2896db898b2f50413c6ba7e1dd129,113372,326,357,512,P,,,,,,
neurotech_uareu,027_1_7.tif,167c66e7424c8714c26f9f16baf30c77adde7ba21edd6bae062e44256e8d48ce,113900,326,357,512,P,,,,,,
neurotech_uareu,027_1_8.tif,6d7548dce1266d23a25e4c1934d654640637dc3f6d4e2995e9dcecbf0b6061f3,116156,326,357,512,P,,,,,,
neurotech_uareu,027_2_1.tif,595b780ea7630d88237e022cf6a03c1eb86318347d1a858a451b88d921a94907,118254,326,357,512,P,,,,,,
neurotech_uareu,027_2_2.tif,5481ee97bae55555b29560a64f636ceb7eb0a4e6efb4cb6c615dc639e9ab00e7,117124,326,357,512,P,,,,,,
neurotech_uareu,027_2_3.tif,96c64ae531c37f4249c236c58a61182785ab2f83744e3c8fc35e2131dd8ecd66,115884,326,357,512,P,,,,,,
neurotech_uareu,027_2_4.tif,45d6a063f8020968e0355a6c5416b7c17575b5357d4daa9d97b2c3f019ddf433,118576,326,357,512,P,,,,,,
neurotech_uareu,027_2_5.tif,77f045cdd96ddb8a8db54b550d915d33e18dd74649b29ccd7f8183adf3079f45,120792,326,357,512,P,,,,,,
neurotech_uareu,027_2_6.tif,c7b35acad9485d73397a6777a84abd80a4668efe57771bbf03c95c0a2916984e,116742,326,357,512,P,,,,,,
neurotech_uareu,027_2_7.tif,43b9684ba175c0b68fe81b26798a5e7db14e0fd39c1ab8eed89f5b61855c79a6,119148,326,357,512,P,,,,,,
neurotech_uareu,027_2_8.tif,a9b041c8892972e566fd7bad6ea5a884cc8c7bacae9bf5ce7122df6d019c25ad,122888,326,357,512,P,,,,,,
neurotech_uareu,027_3_1.tif,00692ecbc4fb1f239944f9d7b4bbab580b6744ad24791196cfc8d87526102391,118522,326,357,512,P,,,,,,
neurotech_uareu,027_3_2.tif,2e12cc2cfdd456e48ba479f1c375e1b2a4dfe7242cfd89fdce140193a61fba40,120498,326,357,512,P,,,,,,
neurotech_uareu,027_3_3.tif,8902bd0f57dbdde3d2cb8535e0df3792fb9ef09e4a28edb71c2c7c54885f4d9a,118790,326,357,512,P,,,,,,
neurotech_uareu,027_3_4.tif,f3077decfa0714827b3d89a428b58379dca91a8f37a165ad85e4048ec0ecb0bf,119910,326,357,512,P,,,,,,
neurotech_uareu,027_3_5.tif,50a7ebe629ac5c85b4cd7221700f1a2abc9ac04d0d271865fe61075180f7d9f1,119774,326,357,512,P,,,,,,
neurotech_uareu,027_3_6.tif,3051c0ad39fb4526149f419f5daea874212a27a140db66d75e36c4a03477a7ce,121252,326,357,512,P,,,,,,
neurotech_uareu,027_3_7.tif,176897601622c1e18ab97178dfc45ef9bcdeb827903bc8da102a0e5e162fe7fd,122842,326,357,512,P,,,,,,
neurotech_uareu,027_3_8.tif,4b10fd162482b24492af3c4e71f81467c838b9caa9fd675b474a47a285e24fcd,122056,326,357,512,P,,,,,,
neurotech_uareu,027_4_1.tif,9ad8bdc20d95486e1e3a03d4bdcf8d3570a0e3c6e95572d4642976d5b30a956e,116298,326,357,512,P,,,,,,
neurotech_uareu,027_4_2.tif,573267e22403911f0441a815b8f3b6ed3ff013284f833016fcf0397d69424179,123916,326,357,512,P,,,,,,
neurotech_uareu,027_4_3.tif,dae849174b9ff764fc26fd64629bce8eae42364f8108143506145d00b7f77683,122574,326,357,512,P,,,,,,
neurotech_uareu,027_4_4.tif,d1fc2e35a7e937faa26666a396d2a67b273883fcd5ee9d032c45d8b009d902c1,119040,326,357,512,P,,,,,,
neurotech_uareu,027_4_5.tif,b69da208e54c0116896dddefbbd5ffe04e4d8abdaf5536a5b2c64a884373fed8,123888,326,357,512,P,,,,,,
neurotech_uareu,027_4_6.tif,de6bfa2200cdfe088d29f91dc5e5009969f3e945e9e4f98b26bdaac4f6a8fa8f,118364,326,357,512,P,,,,,,
neurotech_uareu,027_4_7.tif,61a2858bde58cf6dd8c336d5ae81eb522d44062ecf7d1b67812398d2dd60f0a3,124860,326,357,512,P,,,,,,
neurotech_uareu,027_4_8.tif,3fba26c621dda24a7eb68550cc65d9ce35ccc87e583689f9158fad77581e971e,124728,326,357,512,P,,,,,,
neurotech_uareu,027_5_1.tif,5a9a7db53bf13f6f4986747c451c1f02268bcb4825977b3c7665143de100be06,125258,326,357,512,P,,,,,,
neurotech_uareu,027_5_2.tif,d4822942e43daa8e1d3b3ec17f1b8c4671c8fb60ec5d19018fd9b7cf457909d2,125904,326,357,512,P,,,,,,
neurotech_uareu,027_5_3.tif,35e3ca71cc91ced641a00b6b1c2f8468a68f70c22d898b9abf93808db831eb39,125460,326,357,512,P,,,,,,
neurotech_uareu,027_5_4.tif,58a88e50a64186c455d02deebb57adb3f9c287c45e9e66363bd283e84cacfe72,120910,326,357,512,P,,,,,,
neurotech_uareu,027_5_5.tif,3877bc56e11d3abc34b391eee95bc49a062e07c1ada48bf59326bfeb4cbe7594,124596,326,357,512,P,,,,,,
neurotech_uareu,027_5_6.tif,ca81bee6adb46a62276458f32405b41e38f3fe1cbdd0777c3ce516c2e9b4c05d,124374,326,357,512,P,,,,,,
neurotech_uareu,027_5_7.tif,feb4bf0716ab83c8346a2a413c80633cfb4c25d71df17b3005436fcfc5734918,123748,326,357,512,P,,,,,,
neurotech_uareu,027_5_8.tif,da8dcbffc8f79d96daa73ccc96c3a4c39b3ae8576aa36e6442f4ed82f2bbd472,124562,326,357,512,P,,,,,,
neurotech_uareu,027_6_1.tif,0672af89b692ae0fb93bcdc0b0bc27b6b22a17844fc7eb98d77a9e55440f70b3,126858,326,357,512,P,,,,,,
neurotech_uareu,027_6_2.tif,b5db24a6154accacf8168f9d8a867d3b57c6c64a8706cb387ff6318da388d1ea,121272,326,357,512,P,,,,,,
neurotech_uareu,027_6_3.tif,53952c496cade799cb3f887c66a0326a984536424f35c1691a3891110d496a98,120440,326,357,512,P,,,,,,
neurotech_uareu,027_6_4.tif,5d9e778d09a967980f872c81f64dc14de8f7038cb13090989c0047eba1c32ed5,125328,326,357,512,P,,,,,,
neurotech_uareu,027_6_5.tif,a9e226ec4f707300144343c60315bcf71e14239bfa8487660b73da3d39f18017,126748,326,357,512,P,,,,,,
neurotech_uareu,027_6_6.tif,c5d191d07427c300fc860ce949a9394093ab16f317283e330f7e7e8793411149,126804,326,357,512,P,,,,,,
neurotech_uareu,027_6_7.tif,b62093c91624dbecd6c06f4ea975ed71cc5d2893ad8068d98f783fc223a52ce7,124436,326,357,512,P,,,,,,
neurotech_uareu,027_6_8.tif,79370ec4bd2240e7ecb2201fb5257293d9ce7eccaf29ece3ff467bd67fe34653,127942,326,357,512,P,,,,,,
neurotech_uareu,027_7_1.tif,b8a56483afc4d3e8f9790a03b758c58f70d950a9725f844e4d65a30e41a64987,119038,326,357,512,P,,,,,,
neurotech_uareu,027_7_2.tif,7c66fb8504a4acab2c44b0d61c25fd1e2f006c3373f5b3cdfb80cdb809dcfef1,122560,326,357,512,P,,,,,,
neurotech_uareu,027_7_3.tif,8a7a18493d4ad4d090789f346625ccf00b918f0710c683025a0e3e4b305a99a4,121350,326,357,512,P,,,,,,
neurotech_uareu,027_7_4.tif,470e9b4214bca8585f735c6b91db3a1e0a5fec5e4d7a4613efc941218546c8cf,117700,326,357,512,P,,,,,,
neurotech_uareu,027_7_5.tif,d48348ab45d82303edcc976e4f4bc920ea63093a1ad9cc35c47d5424fe36afec,120906,326,357,512,P,,,,,,
neurotech_uareu,027_7_6.tif,565210f794bcd3faaedd9763cb94847694df50f7b931c39caf29b9e0f0daad67,116168,326,357,512,P,,,,,,
neurotech_uareu,027_7_7.tif,b326d264b94bfa38e8c0bfa94fe14630133a357f2fc10b50931c72f72da93284,119082,326,357,512,P,,,,,,
neurotech_uareu,027_7_8.tif,622c525265fa5728224c827cb9e833f31548ea66773acd7371f4926aa67a32ad,120530,326,357,512,P,,,,,,
neurotech_uareu,027_8_1.tif,f9d0d8a072f0abbeade69b65fe0acc0f336e8d07a7690c0cf6e785ee69973c45,118228,326,357,512,P,,,,,,
neurotech_uareu,027_8_2.tif,4e1aa3884b7effc2a952ae8b0f60f6df9ad1e211527847461c26670b2c81591d,120122,326,357,512,P,,,,,,
neurotech_uareu,027_8_3.tif,407f2923b72ff6c5d10f62d14cccc845e430fcfdf3c8911c7797318ebdd9db12,119076,326,357,512,P,,,,,,
neurotech_uareu,027_8_4.tif,81cee8abd94080ea9a356fc654296f6cefbd520de98c2dc7710d1603ff830ae0,114400,326,357,512,P,,,,,,
neurotech_uareu,027_8_5.tif,d8edcfdcbfb1acfe35ce9838a492cfbf4c2d3772a1e1fbed58e5846f2b619f0b,115318,326,357,512,P,,,,,,
neurotech_uareu,027_8_6.tif,fb94812248a48390db2cf0d86d39cf1ab92f9bd274dd02ba4945a5fdb4cab7f1,115162,326,357,512,P,,,,,,
neurotech_uareu,027_8_7.tif,bd6248485123f18114a6e94774a9e5326a79d599fa6b62e53c3f3aa539fa6cf2,118528,326,357,512,P,,,,,,
neurotech_uareu,027_8_8.tif,f575679f6fa20559b74def5210560de444d4c5377c3b36d4cc93777f82dddf39,116336,326,357,512,P,,,,,,
neurotech_uareu,027_9_1.tif,e95d9da7e6a9ee6697dfa650391e43d77214815ff6577b835ba8f7c13c410d0a,119046,326,357,512,P,,,,,,
neurotech_uareu,027_9_2.tif,befb5e5c1e784124eec46bb02f27cbd62c1af6652fed43acfc7f019406f19d65,118932,326,357,512,P,,,,,,
neurotech_uareu,027_9_3.tif,e02d8bcc9da1f7a1a9249f1d45b1ac5f33baeeb31c2896d0b1a2d9a1aa43ea3c,120940,326,357,512,P,,,,,,
neurotech_uareu,027_9_4.tif,c01d25dc80159677c70e03daf29cf35f64dc7c850276289bc9edec477cbd5517,117456,326,357,512,P,,,,,,
neurotech_uareu,027_9_5.tif,8d93e96661d667e2f2ba17120ef2d51f96dbfeb62059a22563c6097cd2b8fdd6,116062,326,357,512,P,,,,,,
neurotech_uareu,027_9_6.tif,50d81f756149a186ff2ef734d9cc213e8aed3e42dcaa8e717593c2d3ea7327aa,114266,326,357,512,P,,,,,,
neurotech_uareu,027_9_7.tif,d530405ac7884dd6a2f3b425b73c6bd4930e3506c67b6b83b3106e1ebd3f54bd,117116,326,357,512,P,,,,,,
neurotech_uareu,027_9_8.tif,cb533832b3cf9b71cc1b809f4894b894438a9b0222f37c24480724684fdd7b02,116142,326,357,512,P,,,,,,
neurotech_uareu,057_1_1.tif,3f97e5d4926cc40f1426bfbf8057d0151ecfc1f6fd4313299127d2d725894c28,120034,326,357,512,P,,,,,,
neurotech_uareu,057_1_2.tif,5185e981ab9a38f8bc36c9363d75525f28560d066b9a032c2e1e023761bc0243,120180,326,357,512,P,,,,,,
neurotech_uareu,057_1_3.tif,de34f7e79fd8360c19cb378b89dc8c6a8f92e01555bf3252c8e3e25a84439b13,115122,326,357,512,P,,,,,,
neurotech_uareu,057_1_4.tif,7b270b1e2c6f6b896c967bf6c360a387a5983999bc822454ee57e0bcb8d3c1c7,118052,326,357,512,P,,,,,,
neurotech_uareu,057_1_5.tif,15f5e9fa5a3b61b61240384060d7e805e8f7c6554058ca1849b8384f1774fc99,122484,326,357,512,P,,,,,,
neurotech_uareu,057_1_6.tif,4512d1b1ddac6a1ed892857af10c5cdbf706854b0354fb607d8c6a2c1252f885,119452,326,357,512,P,,,,,,
neurotech_uareu,057_1_7.tif,f1eeeee3783975de1bad9ef4d9ed5cb6140639d7d93543538da5285c32d1a650,118272,326,357,512,P,,,,,,
neurotech_uareu,057_1_8.tif,6ac4a0c1c10d5738a7d2225c02278952373f37c50fc9564a5fd4bcc626b1a7db,119818,326,357,512,P,,,,,,
neurotech_uareu,057_2_1.tif,c6f4f2534f389126c06e21d1f117347d6f5717c607934b45969349aec712f1ae,123170,326,357,512,P,,,,,,
neurotech_uareu,057_2_2.tif,080441c90a59e7beabc5938fed1f8d7965bfb59d04fbabce6b8ec1b5d85a4b4a,122798,326,357,512,P,,,,,,
neurotech_uareu,057_2_3.tif,f5646becc47d532d1c3c8e80246560adb39eaa82b0f5d01043fcfc7ebe2c0f4e,120666,326,357,512,P,,,,,,
neurotech_uareu,057_2_4.tif,abc07f8672a3aeae10dfcd08ea5da582fc23a2c4eba775e0080776ff818bad10,120262,326,357,512,P,,,,,,
neurotech_uareu,057_2_5.tif,a9aeedde624abca90584b3e40f20fc32373fed165e9a1090cc925c63ac4f7e1e,122732,326,357,512,P,,,,,,
neurotech_uareu,057_2_6.tif,cd6a675856844d034bccae6ea182222eacfa975bd7c39d7c672b06bb94ba3cc9,124512,326,357,512,P,,,,,,
neurotech_uareu,057_2_7.tif,b7c964f940dd580518e91425c01a6983715ac89ea0557fb2d3b1f3d0fbd5db49,119432,326,357,512,P,,,,,,
neurotech_uareu,057_2_8.tif,ab56d7a51f0c7c117549960cffd8364b9d1e21f9909a7c582ff68939bf6b62a2,120514,326,357,512,P,,,,,,
neurotech_uareu,057_3_1.tif,3071cd2605815ad93ba8ab9442743273c4131fa888747802dbfd6cd0e386f82f,121228,326,357,512,P,,,,,,
neurotech_uareu,057_3_2.tif,117ef461f8df0dc06cd1590ffac9e1005d2acc3bb61a3baec87baef24384dfbf,123988,326,357,512,P,,,,,,
neurotech_uareu,057_3_3.tif,48f5558e644e5b1c87ddcc09eda05226b158fffb133a9cb8d2197145c2059a4c,120240,326,357,512,P,,,,,,
neurotech_uareu,057_3_4.tif,5240646c6e53e6acb32570f172a0a18bfa90cbae92bc8c21dc20906cb3c688e2,120944,326,357,512,P,,,,,,
neurotech_uareu,057_3_5.tif,e7eebf402664fbf012c9aaad8de6e5961fb0739b8070c2963b0dcc6ee00730c2,123150,326,357,512,P,,,,,,
neurotech_uareu,057_3_6.tif,743fbdc9c31fab13fe247bc9c36085ed3b2529a59f7206ede51bab4ef337af15,123110,326,357,512,P,,,,,,
neurotech_uareu,057_3_7.tif,be0c1b42fae52f59d79ca148e45f98a57e353ce7e5b8893407a359b0a1255554,123758,326,357,512,P,,,,,,
neurotech_uareu,057_3_8.tif,6d5ce420b70309407ed301014c0a89cdd7eb4c4b1ddd60b1ab5aca7e188b7798,120346,326,357,512,P,,,,,,
neurotech_uareu,057_4_1.tif,5df5f96b29e520c03350f0c9d9f2031a1a6fafd5a1da88c70b7cf5602bd5eabe,119068,326,357,512,P,,,,,,
neurotech_uareu,057_4_2.tif,df77c91e6ff60b8ce88a05560f19b3d4b93086a99f383561ae3fc54112f6bf06,120380,326,357,512,P,,,,,,
neurotech_uareu,057_4_3.tif,0881d9b21991eb6b4eb6d644b774fbdb78e4298072fa95580c6975bf2c518891,120378,326,357,512,P,,,,,,
neurotech_uareu,057_4_4.tif,f307c9ecf4cb166c48f53a92e623c448bb8fd4325dc98aaba6306a36eae80ddd,121556,326,357,512,P,,,,,,
neurotech_uareu,057_4_5.tif,2a04b3f3e44d4807e83ae7635f469ba0d0cad306e456fc831305d595b10faaeb,119856,326,357,512,P,,,,,,
neurotech_uareu,057_4_6.tif,137167ee324ce11dee27a513b0b81497a2499605815463a9ce883a1838d4b44b,124548,326,357,512,P,,,,,,
neurotech_uareu,057_4_7.tif,d31e0e029cc227b20c81e412f77e783d35bc04ca838b9e4d27725c2c8666baf3,120852,326,357,512,P,,,,,,
neurotech_uareu,057_4_8.tif,2a50e71613de25b6c3bbf8384c3119f9113abf27f81d49e9c3cd810dbe2e0c34,119342,326,357,512,P,,,,,,
neurotech_uareu,057_5_1.tif,9cfe2a71c8ad632475e8212aff84bb56311fc539b51e07cf44cd862cf090a657,124182,326,357,512,P,,,,,,
neurotech_uareu,057_5_2.tif,78ca29ea2df0df4ffcf652431b4ec4fd6c8ea8967ca221e502975b09d662a931,121648,326,357,512,P,,,,,,
neurotech_uareu,057_5_3.tif,df1c195b322db7df093f312ed568b616506cb97a37d4bbbc4e1484d6ef677025,122176,326,357,512,P,,,,,,
neurotech_uareu,057_5_4.tif,3c7268e3208300ac28ef757905afdb7c6f2eefc17ecde717c5f20b04d2a5c17d,123490,326,357,512,P,,,,,,
neurotech_uareu,057_5_5.tif,f0d120b46c244696afc53507630b9208755ff8af5ca35d2214302c4ca42eb01a,122870,326,357,512,P,,,,,,
neurotech_uareu,057_5_6.tif,10773c74b2d55e2d4bbdc23ab207ff151560591ca0fae6f20d2afc26ee29cc6a,124398,326,357,512,P,,,,,,
neurotech_uareu,057_5_7.tif,53b9594d843205248dc07e0514da2a60ba06cd9e45e5f7443492565fe29e7ea6,121944,326,357,512,P,,,,,,
neurotech_uareu,057_5_8.tif,008dade8d4499fbbf7c6f0107bcc92076b4a8ec9638ca17d14e844506481e442,122966,326,357,512,P,,,,,,
neurotech_uareu,076_10_1.tif,60c914ba1b795b61be7df6361b20925ae5e714900ae937e9373a08588254a20f,114414,326,357,512,P,,,,,,
neurotech_uareu,076_10_2.tif,0e80d6c2869e4ea919d3f60c96b64bbfa554f157a03dedc64937fe11b9dcc01d,114682,326,357,512,P,,,,,,
neurotech_uareu,076_10_3.tif,a291b26b8ebdc8ef3aec1ebfd042a3aa89222689e046be1a001f4d5adf1d807a,115238,326,357,512,P,,,,,,
neurotech_uareu,076_10_4.tif,ccdc25c2ce1a86148dade4fc2fa22f705013806c454cdfad55a214406ab9e6c3,115458,326,357,512,P,,,,,,
neurotech_uareu,076_10_5.tif,2a12b61398548b4214e5676f81cc43a0015e9f4857a5cab74e79943a1b1036f8,108806,326,357,512,P,,,,,,
neurotech_uareu,076_10_6.tif,0cef97c6283c3e8e76c7fe9218b24c989eebc51b5715e6749cff0333bf8eee25,114168,326,357,512,P,,,,,,
neurotech_uareu,076_10_7.tif,6bea20824e7e629d9bd9a415b329212be1f82048500da75a5bb154ab962260f3,116562,326,357,512,P,,,,,,
neurotech_uareu,076_10_8.tif,df2e03528a8cc59fb7a5a671a51c519e3fee202b8f47c4accbaaec66b58f5d9a,119596,326,357,512,P,,,,,,
neurotech_uareu,076_1_1.tif,614a26779537c2c511f47e0f51fa1dc7dc8907625cd5f564ed1f7f9c109eb983,121692,326,357,512,P,,,,,,
neurotech_uareu,076_1_2.tif,eafe7aba7fa30a1813d5c067256e6ddd9341b8936e26abbae00c4bbd0cf29e36,118008,326,357,512,P,,,,,,
neurotech_uareu,076_1_3.tif,c632654ff8e79cb1eca78bc3e4e9d802319bc6e5b25bc572d78c1c5887e10ec0,119650,326,357,512,P,,,,,,
neurotech_uareu,076_1_4.tif,e2582b192f4af2c17d205fd84e23364d12f288713dff9e70586a7929f7589fd1,119196,326,357,512,P,,,,,,
neurotech_uareu,076_1_5.tif,924002cb489ca34293577943967eaf06e55f207741f199028c8d088db226cc69,119424,326,357,512,P,,,,,,
neurotech_uareu,076_1_6.tif,9cae8cee41fe4b2939f214ba230769a9e1c8b075b19fe9531322cd66c9c00f12,120696,326,357,512,P,,,,,,
neurotech_uareu,076_1_7.tif,bbc226d186ea14cd1d330a9ff5899fd5d0d585af9186ba8d39b500daf5f6b434,121468,326,357,512,P,,,,,,
neurotech_uareu,076_1_8.tif,7ee592248c5189e36abc2a60334f68ea17f919101a42f6704e66f877ba0b12b8,118650,326,357,512,P,,,,,,
neurotech_uareu,076_2_1.tif,c397b9edac63eafba9d8427d22d5b9e94f149f035ac378db4bfd7ba130e0eb2e,118740,326,357,512,P,,,,,,
neurotech_uareu,076_2_2.tif,9ab98cd3c4d3e87bc64db4496eaa06048a22d08749f20c07d517a49882ef293f,122362,326,357,512,P,,,,,,
neurotech_uareu,076_2_3.tif,80fc9b219ea26277561d1c2713eca867d5fb288692950847d4e5de8f9e7b30f3,123474,326,357,512,P,,,,,,
neurotech_uareu,076_2_4.tif,51c5329a20e59f5df58d34e4bbe995d971c9203c04e637dbf5d41d15f2900ed7,120934,326,357,512,P,,,,,,
neurotech_uareu,076_2_5.tif,ab263a68fff84f1404de74567800ecaecf07c41251671bf292a7c9f9ea64ce05,119088,326,357,512,P,,,,,,
neurotech_uareu,076_2_6.tif,534da6da60a3a849680ac5eea7abfc8a9e0252bc81e0559135ba0f14468a0036,121142,326,357,512,P,,,,,,
neurotech_uareu,076_2_7.tif,3485fd531ab4bc98fbcc600be2abd05f092203ccdabfb2909d3314866a2a926f,122170,326,357,512,P,,,,,,
neurotech_uareu,076_2_8.tif,916cbcab0c9064238836395d616d3fd4ead7719dee35f9d57ad12ca3c5fdfbf0,118192,326,357,512,P,,,,,,
neurotech_uareu,076_3_1.tif,23287853eee287500ffed7f587a9e016e5efe9e409a6d48207344928dbf42091,119854,326,357,512,P,,,,,,
neurotech_uareu,076_3_2.tif,99a033aa33d81533c189ae8313dc9e9aef3dad80437f4554a7c76068a505cb35,118166,326,357,512,P,,,,,,
neurotech_uareu,076_3_3.tif,83ae121caf35c54076bf51ec21417374cb494d543f989a5980c3fb3d0d98d5df,120320,326,357,512,P,,,,,,
neurotech_uareu,076_3_4.tif,5551cca44733bb1317d0aee954358c7a96b102db3665b7094dac40f979d16153,121020,326,357,512,P,,,,,,
neurotech_uareu,076_3_5.tif,221c3e30bb1e76db9f7b45ac6b77afba187b32271955f68e74bac9c35a61f23e,120206,326,357,512,P,,,,,,
neurotech_uareu,076_3_6.tif,91b171b3b13fafe22e966ebf94bcbbf02976d688d286a9c7b0332f92c73ced08,118804,326,357,512,P,,,,,,
neurotech_uareu,076_3_7.tif,59eabc74071344d0ef5c36b4c870195ff41d96938c038e85d1c571c1f49dfd8b,115646,326,357,512,P,,,,,,
neurotech_uareu,076_3_8.tif,108d01bd63a050e39866f14fd5813e8f17778957899cbfb60af90f4f5ccd3964,118186,326,357,512,P,,,,,,
neurotech_uareu,076_4_1.tif,269b435bc7ec0084e22d725f5ad2a819d9591000e246facd558b85a77301f01a,121922,326,357,512,P,,,,,,
neurotech_uareu,076_4_2.tif,340bc4a71dc8de371aa2b9de710bf3fcb443ada80f86299740112aa488c74b1e,123478,326,357,512,P,,,,,,
neurotech_uareu,076_4_3.tif,f5b427cec58541068e8b246d1f083b2d2e619c028b9ffa72f5596d3b154ff52c,122616,326,357,512,P,,,,,,
neurotech_uareu,076_4_4.tif,ec0494021a4b53f1859a3bde26fe6f43148f764c296b268646c0ed030f44b24f,120796,326,357,512,P,,,,,,
neurotech_uareu,076_4_5.tif,85c120e327474b83a120fa8637b6e10b95a6c7dfb036d806b579fd71fb87c92a,120810,326,357,512,P,,,,,,
neurotech_uareu,076_4_6.tif,3670af3fd021d7e071ffd62441036390d31c7faa02099bc8dfd933ee849bee2c,119580,326,357,512,P,,,,,,
neurotech_uareu,076_4_7.tif,0adb1b32e3e7037c3b0bb10bf033667fc74894613247b9710a92dcc0dadfff96,122834,326,357,512,P,,,,,,
neurotech_uareu,076_4_8.tif,6d29143c9ef3c23a5a60b10ae7604e416754d7594ae2b52f67f1ec3157ca8ff4,119818,326,357,512,P,,,,,,
neurotech_uareu,076_5_1.tif,dee93281021447dc6f63e3a8a439a2f3842bf5c003d92ea15f5e087a9be6dd80,125702,326,357,512,P,,,,,,
neurotech_uareu,076_5_2.tif,9f0e5cf2534398b2c9d169f318c4cda6783e92e86a56f2439dea75a28b445d69,126600,326,357,512,P,,,,,,
neurotech_uareu,076_5_3.tif,33b01597cf70668488f22a661ad2c5635dd5531ec70bc5b1a3b8f3122ee366a3,124342,326,357,512,P,,,,,,
neurotech_uareu,076_5_4.tif,ddfda60942c75246a590fd86f0c78b50f4ba1ec47a29adfae85975e26d4fc7f0,126346,326,357,512,P,,,,,,
neurotech_uareu,076_5_5.tif,44fa18f685a6ecd6ffaa65feee68ed2a5007e8554bb3719063dd3bd28408edcf,123072,326,357,512,P,,,,,,
neurotech_uareu,076_5_6.tif,40cd8007194ce45118860f54f72962ce126b85aaba18f989861402d663859bcd,121632,326,357,512,P,,,,,,
neurotech_uareu,076_5_7.tif,5fdaf6b3d8c4ddf0774d684afdb351518610240c575f5a1cfc61bbbb644bb43d,124234,326,357,512,P,,,,,,
neurotech_uareu,076_5_8.tif,0e3cb3487a64300e0ea6de4bcd1ab2d703db1702e3270579e48afd07638b14af,126046,326,357,512,P,,,,,,
neurotech_uareu,076_6_1.tif,6ee49f521d23324e34880dbf323229cc0bfff2287f57e8de1d1844c7fa1069f2,120442,326,357,512,P,,,,,,
neurotech_uareu,076_6_2.tif,297b050d9c41cf4b3ed34b0263ee8a885d5040a4f6f0c385040e1c883c17ce41,122706,326,357,512,P,,,,,,
neurotech_uareu,076_6_3.tif,313e4572c3c76419f1e452c756c67384a29a3e8c801a70b64d5a3fb0707d4c25,117904,326,357,512,P,,,,,,
neurotech_uareu,076_6_4.tif,d3ed0a4a4f99568a477337060c141b889fa93b74d8525c96d5637a5cf97af45d,124120,326,357,512,P,,,,,,
neurotech_uareu,076_6_5.tif,42ecde533bbc509c0562c580d459144ac2f15492ad10ae4d11d903be1f2b26fb,123340,326,357,512,P,,,,,,
neurotech_uareu,076_6_6.tif,77c07aa8783267d07f0e92a5ed4acf7f43978f35ac91ca71f051ee20a93c6358,120484,326,357,512,P,,,,,,
neurotech_uareu,076_6_7.tif,186fff5b8783026047b293fa4a27eafbae058531bc672045773452dda9dd7a37,120496,326,357,512,P,,,,,,
neurotech_uareu,076_6_8.tif,a25e9ab50d7e9101fed541ca784def77168ce31cec34b10f679979a64dd099ac,123712,326,357,512,P,,,,,,
neurotech_uareu,076_7_1.tif,99e80ebf9c926b24d4f9581b174c93e2c39dc7772720573d3a53ef16097b8f60,112868,326,357,512,P,,,,,,
neurotech_uareu,076_7_2.tif,3f4557cb2ccf8028c86b25be8c59f4c2873ca989cade43a1e152f15f52a047b7,113936,326,357,512,P,,,,,,
neurotech_uareu,076_7_3.tif,d056a2a15e0013d6b2b7e4f2b1925fdeaa22118bc32b70c54ce434d0ff5ff323,113220,326,357,512,P,,,,,,
neurotech_uareu,076_7_4.tif,46ee0b34c370a2d6bb8aa79bff0c474f6ddf3eeae379d7d3004e5fafa4cde546,115036,326,357,512,P,,,,,,
neurotech_uareu,076_7_5.tif,88b6cfec504ca4ff65b6cdabff5aeea1e0ff96abda46a3013795f7900b031229,114600,326,357,512,P,,,,,,
neurotech_uareu,076_7_6.tif,08301dab55da225e8e313b72a5f933bb29104715dbf06323ec76ee09f4b0107a,113004,326,357,512,P,,,,,,
neurotech_uareu,076_7_7.tif,49d9ba17612ee022b64fc94b76559b19cc2b2b22d55418fa54fd5efd630a1d4c,114918,326,357,512,P,,,,,,
neurotech_uareu,076_7_8.tif,4670f43c18715ef831309d07ff7049853efeb68b9b05728ee8d20dcc1f20f6d9,119016,326,357,512,P,,,,,,
neurotech_uareu,076_8_1.tif,1a271d31ca2e2406ae288d41a82a8d3815df7830e17d0fdc0699eb2338f8f3e8,113488,326,357,512,P,,,,,,
neurotech_uareu,076_8_2.tif,2e09445ff0f5d40b797ea283175abd690c2ca2aef5a5905e700d3ef972098d27,118672,326,357,512,P,,,,,,
neurotech_uareu,076_8_3.tif,3ff9aa9393040c7036fb0d0f58c525f4ba66a3054422682c262092513c96db54,119508,326,357,512,P,,,,,,
neurotech_uareu,076_8_4.tif,14d84dc07828178ad4f87ac5ec585047b1f38b249a0f2d0b2a786c4015160dfc,112778,326,357,512,P,,,,,,
neurotech_uareu,076_8_5.tif,3fd357c067a40fa63a040e599126876bc05c54cad762b98bf92220295d735962,117258,326,357,512,P,,,,,,
neurotech_uareu,076_8_6.tif,6fb8ef0a1938591e62f22da45c3b161b2c6782231135033cfe2b8d2a86cd01bc,113046,326,357,512,P,,,,,,
neurotech_uareu,076_8_7.tif,35088a2756d5c8e87cece9ecfd116734284eb62d02e2b224a958b01681c50d06,117004,326,357,512,P,,,,,,
neurotech_uareu,076_8_8.tif,6a8bc025836edd028ef66f342a585689ea7026b27a8a985c6b6edb515cc7f0dd,119414,326,357,512,P,,,,,,
neurotech_uareu,076_9_1.tif,f80b15132b7e7072c55456180f17426ec4be4cf46eca6a9c90a5210e6b13911b,114714,326,357,512,P,,,,,,
neurotech_uareu,076_9_2.tif,d9aba2e53abb2d76a1cbf4c38f0b32839ccb4ca87cc9ef6fc4ec55e6f48bc7fd,114256,326,357,512,P,,,,,,
neurotech_uareu,076_9_3.tif,c6a605315254796520dbbabd40a55df9b91c69b3cacdd0e9d90e93dcb94d728f,116852,326,357,512,P,,,,,,
neurotech_uareu,076_9_4.tif,f6ecd3a4badf84c61df574c5211fabcfdb46fa93686bf4dfd2ab205be1477d47,116502,326,357,512,P,,,,,,
neurotech_uareu,076_9_5.tif,5bee8ae04b917c4b78fbab634e4b032ae6ea0dd5d18a9c155abd0d6a35a0edea,117496,326,357,512,P,,,,,,
neurotech_uareu,076_9_6.tif,ab3a9604d354be69330858ac7dfa3f310c337b03ea7bae66184c1b6549f0e6c8,107666,326,357,512,P,,,,,,
neurotech_uareu,076_9_7.tif,3ea83bbbe5032fd7e218dc227b74e9037209b483599bf368b362b6bc8b957160,122162,326,357,512,P,,,,,,
neurotech_uareu,076_9_8.tif,c08393225ae2259743e740aacf6d9eca1522a0e417b294aabe7dc582334c703d,115410,326,357,512,P,,,,,,
